
UVB_meter.elf:     file format elf32-avr

Sections:
Idx Name          Size      VMA       LMA       File off  Algn
  0 .data         00000002  00800100  0000225a  000022ee  2**0
                  CONTENTS, ALLOC, LOAD, DATA
  1 .text         0000225a  00000000  00000000  00000094  2**1
                  CONTENTS, ALLOC, LOAD, READONLY, CODE
  2 .bss          00000008  00800102  00800102  000022f0  2**0
                  ALLOC
  3 .comment      0000005c  00000000  00000000  000022f0  2**0
                  CONTENTS, READONLY
  4 .note.gnu.avr.deviceinfo 00000040  00000000  00000000  0000234c  2**2
                  CONTENTS, READONLY
  5 .debug_aranges 00000280  00000000  00000000  0000238c  2**0
                  CONTENTS, READONLY, DEBUGGING
  6 .debug_info   00001b24  00000000  00000000  0000260c  2**0
                  CONTENTS, READONLY, DEBUGGING
  7 .debug_abbrev 000010ae  00000000  00000000  00004130  2**0
                  CONTENTS, READONLY, DEBUGGING
  8 .debug_line   0000275f  00000000  00000000  000051de  2**0
                  CONTENTS, READONLY, DEBUGGING
  9 .debug_frame  00000784  00000000  00000000  00007940  2**2
                  CONTENTS, READONLY, DEBUGGING
 10 .debug_str    00008835  00000000  00000000  000080c4  2**0
                  CONTENTS, READONLY, DEBUGGING
 11 .debug_loc    00000dbe  00000000  00000000  000108f9  2**0
                  CONTENTS, READONLY, DEBUGGING
 12 .debug_ranges 000001e0  00000000  00000000  000116b7  2**0
                  CONTENTS, READONLY, DEBUGGING
 13 .debug_macro  0000398a  00000000  00000000  00011897  2**0
                  CONTENTS, READONLY, DEBUGGING

Disassembly of section .text:

00000000 <__vectors>:
       0:	0c 94 db 00 	jmp	0x1b6	; 0x1b6 <__ctors_end>
       4:	0c 94 85 04 	jmp	0x90a	; 0x90a <__vector_1>
       8:	0c 94 f8 00 	jmp	0x1f0	; 0x1f0 <__bad_interrupt>
       c:	0c 94 f8 00 	jmp	0x1f0	; 0x1f0 <__bad_interrupt>
      10:	0c 94 6d 04 	jmp	0x8da	; 0x8da <__vector_4>
      14:	0c 94 f8 00 	jmp	0x1f0	; 0x1f0 <__bad_interrupt>
      18:	0c 94 f8 00 	jmp	0x1f0	; 0x1f0 <__bad_interrupt>
      1c:	0c 94 f8 00 	jmp	0x1f0	; 0x1f0 <__bad_interrupt>
      20:	0c 94 f8 00 	jmp	0x1f0	; 0x1f0 <__bad_interrupt>
      24:	0c 94 f8 00 	jmp	0x1f0	; 0x1f0 <__bad_interrupt>
      28:	0c 94 f8 00 	jmp	0x1f0	; 0x1f0 <__bad_interrupt>
      2c:	0c 94 f8 00 	jmp	0x1f0	; 0x1f0 <__bad_interrupt>
      30:	0c 94 f8 00 	jmp	0x1f0	; 0x1f0 <__bad_interrupt>
      34:	0c 94 4d 04 	jmp	0x89a	; 0x89a <__vector_13>
      38:	0c 94 f8 00 	jmp	0x1f0	; 0x1f0 <__bad_interrupt>
      3c:	0c 94 f8 00 	jmp	0x1f0	; 0x1f0 <__bad_interrupt>
      40:	0c 94 f8 00 	jmp	0x1f0	; 0x1f0 <__bad_interrupt>
      44:	0c 94 f8 00 	jmp	0x1f0	; 0x1f0 <__bad_interrupt>
      48:	0c 94 f8 00 	jmp	0x1f0	; 0x1f0 <__bad_interrupt>
      4c:	0c 94 f8 00 	jmp	0x1f0	; 0x1f0 <__bad_interrupt>
      50:	0c 94 f8 00 	jmp	0x1f0	; 0x1f0 <__bad_interrupt>
      54:	0c 94 9d 04 	jmp	0x93a	; 0x93a <__vector_21>
      58:	0c 94 f8 00 	jmp	0x1f0	; 0x1f0 <__bad_interrupt>
      5c:	0c 94 f8 00 	jmp	0x1f0	; 0x1f0 <__bad_interrupt>
      60:	0c 94 f8 00 	jmp	0x1f0	; 0x1f0 <__bad_interrupt>
      64:	0c 94 f8 00 	jmp	0x1f0	; 0x1f0 <__bad_interrupt>
      68:	0c 94 f8 00 	jmp	0x1f0	; 0x1f0 <__bad_interrupt>
      6c:	0c 94 f8 00 	jmp	0x1f0	; 0x1f0 <__bad_interrupt>
      70:	0c 94 f8 00 	jmp	0x1f0	; 0x1f0 <__bad_interrupt>
      74:	0c 94 f8 00 	jmp	0x1f0	; 0x1f0 <__bad_interrupt>
      78:	0c 94 f8 00 	jmp	0x1f0	; 0x1f0 <__bad_interrupt>
      7c:	0c 94 f8 00 	jmp	0x1f0	; 0x1f0 <__bad_interrupt>
      80:	0c 94 f8 00 	jmp	0x1f0	; 0x1f0 <__bad_interrupt>
      84:	0c 94 f8 00 	jmp	0x1f0	; 0x1f0 <__bad_interrupt>
      88:	0c 94 f8 00 	jmp	0x1f0	; 0x1f0 <__bad_interrupt>
      8c:	0c 94 f8 00 	jmp	0x1f0	; 0x1f0 <__bad_interrupt>
      90:	0c 94 f8 00 	jmp	0x1f0	; 0x1f0 <__bad_interrupt>
      94:	0c 94 f8 00 	jmp	0x1f0	; 0x1f0 <__bad_interrupt>
      98:	0c 94 f8 00 	jmp	0x1f0	; 0x1f0 <__bad_interrupt>
      9c:	0c 94 f8 00 	jmp	0x1f0	; 0x1f0 <__bad_interrupt>
      a0:	0c 94 f8 00 	jmp	0x1f0	; 0x1f0 <__bad_interrupt>
      a4:	0c 94 f8 00 	jmp	0x1f0	; 0x1f0 <__bad_interrupt>
      a8:	0c 94 f8 00 	jmp	0x1f0	; 0x1f0 <__bad_interrupt>
      ac:	0c 94 f8 00 	jmp	0x1f0	; 0x1f0 <__bad_interrupt>
      b0:	0c 94 f8 00 	jmp	0x1f0	; 0x1f0 <__bad_interrupt>

000000b4 <__trampolines_end>:
      b4:	6e 61       	ori	r22, 0x1E	; 30
      b6:	6e 00       	.word	0x006e	; ????

000000b8 <__c.2332>:
      b8:	69 6e 66 00 00 40 7a 10 f3 5a 00 a0 72 4e 18 09     inf..@z..Z..rN..
      c8:	00 10 a5 d4 e8 00 00 e8 76 48 17 00 00 e4 0b 54     ........vH.....T
      d8:	02 00 00 ca 9a 3b 00 00 00 e1 f5 05 00 00 80 96     .....;..........
      e8:	98 00 00 00 40 42 0f 00 00 00 a0 86 01 00 00 00     ....@B..........
      f8:	10 27 00 00 00 00 e8 03 00 00 00 00 64 00 00 00     .'..........d...
     108:	00 00 0a 00 00 00 00 00 01 00 00 00 00 00 2c 76     ..............,v
     118:	d8 88 dc 67 4f 08 23 df c1 df ae 59 e1 b1 b7 96     ...gO.#....Y....
     128:	e5 e3 e4 53 c6 3a e6 51 99 76 96 e8 e6 c2 84 26     ...S.:.Q.v.....&
     138:	eb 89 8c 9b 62 ed 40 7c 6f fc ef bc 9c 9f 40 f2     ....b.@|o.....@.
     148:	ba a5 6f a5 f4 90 05 5a 2a f7 5c 93 6b 6c f9 67     ..o....Z*.\.kl.g
     158:	6d c1 1b fc e0 e4 0d 47 fe f5 20 e6 b5 00 d0 ed     m......G.. .....
     168:	90 2e 03 00 94 35 77 05 00 80 84 1e 08 00 00 20     .....5w........ 
     178:	4e 0a 00 00 00 c8 0c 33 33 33 33 0f 98 6e 12 83     N......3333..n..
     188:	11 41 ef 8d 21 14 89 3b e6 55 16 cf fe e6 db 18     .A..!..;.U......
     198:	d1 84 4b 38 1b f7 7c 1d 90 1d a4 bb e4 24 20 32     ..K8..|......$ 2
     1a8:	84 72 5e 22 81 00 c9 f1 24 ec a1 e5 3d 27           .r^"....$...='

000001b6 <__ctors_end>:
     1b6:	11 24       	eor	r1, r1
     1b8:	1f be       	out	0x3f, r1	; 63
     1ba:	cf ef       	ldi	r28, 0xFF	; 255
     1bc:	d8 e0       	ldi	r29, 0x08	; 8
     1be:	de bf       	out	0x3e, r29	; 62
     1c0:	cd bf       	out	0x3d, r28	; 61

000001c2 <__do_copy_data>:
     1c2:	11 e0       	ldi	r17, 0x01	; 1
     1c4:	a0 e0       	ldi	r26, 0x00	; 0
     1c6:	b1 e0       	ldi	r27, 0x01	; 1
     1c8:	ea e5       	ldi	r30, 0x5A	; 90
     1ca:	f2 e2       	ldi	r31, 0x22	; 34
     1cc:	02 c0       	rjmp	.+4      	; 0x1d2 <__do_copy_data+0x10>
     1ce:	05 90       	lpm	r0, Z+
     1d0:	0d 92       	st	X+, r0
     1d2:	a2 30       	cpi	r26, 0x02	; 2
     1d4:	b1 07       	cpc	r27, r17
     1d6:	d9 f7       	brne	.-10     	; 0x1ce <__do_copy_data+0xc>

000001d8 <__do_clear_bss>:
     1d8:	21 e0       	ldi	r18, 0x01	; 1
     1da:	a2 e0       	ldi	r26, 0x02	; 2
     1dc:	b1 e0       	ldi	r27, 0x01	; 1
     1de:	01 c0       	rjmp	.+2      	; 0x1e2 <.do_clear_bss_start>

000001e0 <.do_clear_bss_loop>:
     1e0:	1d 92       	st	X+, r1

000001e2 <.do_clear_bss_start>:
     1e2:	aa 30       	cpi	r26, 0x0A	; 10
     1e4:	b2 07       	cpc	r27, r18
     1e6:	e1 f7       	brne	.-8      	; 0x1e0 <.do_clear_bss_loop>
     1e8:	0e 94 31 08 	call	0x1062	; 0x1062 <main>
     1ec:	0c 94 2b 11 	jmp	0x2256	; 0x2256 <_exit>

000001f0 <__bad_interrupt>:
     1f0:	0c 94 00 00 	jmp	0	; 0x0 <__vectors>

000001f4 <ADC_init>:
uint8_t ADC_conversion_done = 0;
uint8_t batt_voltage_OK = 0;


void ADC_init()
{
     1f4:	cf 93       	push	r28
     1f6:	df 93       	push	r29
     1f8:	cd b7       	in	r28, 0x3d	; 61
     1fa:	de b7       	in	r29, 0x3e	; 62
	DIDR0 = 0b01111111;																	// disable digital input buffer of all ADC inputs except ADC7
     1fc:	8e e7       	ldi	r24, 0x7E	; 126
     1fe:	90 e0       	ldi	r25, 0x00	; 0
     200:	2f e7       	ldi	r18, 0x7F	; 127
     202:	fc 01       	movw	r30, r24
     204:	20 83       	st	Z, r18
	PRR0 &= ~(1 << PRADC);																// disable power reduction -> can enable AD conversion
     206:	84 e6       	ldi	r24, 0x64	; 100
     208:	90 e0       	ldi	r25, 0x00	; 0
     20a:	24 e6       	ldi	r18, 0x64	; 100
     20c:	30 e0       	ldi	r19, 0x00	; 0
     20e:	f9 01       	movw	r30, r18
     210:	20 81       	ld	r18, Z
     212:	2e 7f       	andi	r18, 0xFE	; 254
     214:	fc 01       	movw	r30, r24
     216:	20 83       	st	Z, r18
	ADMUX = (1 << REFS1) | (1 << REFS0) | (uint8_t)(0x07);								// set reference voltage source(internal 1.1V) | set MUX bits in ADMUX to select ADC7
     218:	8c e7       	ldi	r24, 0x7C	; 124
     21a:	90 e0       	ldi	r25, 0x00	; 0
     21c:	27 ec       	ldi	r18, 0xC7	; 199
     21e:	fc 01       	movw	r30, r24
     220:	20 83       	st	Z, r18
	ADCSRA = (1 << ADEN) | (1<<ADIE) | (1 << ADPS2) | (1 << ADPS1) | (1 << ADPS0);		// set ADEN in ADCSRA to enable A/D conversion | set interrupt enable | set clock prescaler (62.5kHz)
     222:	8a e7       	ldi	r24, 0x7A	; 122
     224:	90 e0       	ldi	r25, 0x00	; 0
     226:	2f e8       	ldi	r18, 0x8F	; 143
     228:	fc 01       	movw	r30, r24
     22a:	20 83       	st	Z, r18
}
     22c:	00 00       	nop
     22e:	df 91       	pop	r29
     230:	cf 91       	pop	r28
     232:	08 95       	ret

00000234 <ADC_start>:

void ADC_start()
{
     234:	cf 93       	push	r28
     236:	df 93       	push	r29
     238:	cd b7       	in	r28, 0x3d	; 61
     23a:	de b7       	in	r29, 0x3e	; 62
	ADCSRA |= 1 << ADSC;
     23c:	8a e7       	ldi	r24, 0x7A	; 122
     23e:	90 e0       	ldi	r25, 0x00	; 0
     240:	2a e7       	ldi	r18, 0x7A	; 122
     242:	30 e0       	ldi	r19, 0x00	; 0
     244:	f9 01       	movw	r30, r18
     246:	20 81       	ld	r18, Z
     248:	20 64       	ori	r18, 0x40	; 64
     24a:	fc 01       	movw	r30, r24
     24c:	20 83       	st	Z, r18
}
     24e:	00 00       	nop
     250:	df 91       	pop	r29
     252:	cf 91       	pop	r28
     254:	08 95       	ret

00000256 <ADC_read>:

uint16_t ADC_read()
{
     256:	cf 93       	push	r28
     258:	df 93       	push	r29
     25a:	cd b7       	in	r28, 0x3d	; 61
     25c:	de b7       	in	r29, 0x3e	; 62
	return ADC;
     25e:	88 e7       	ldi	r24, 0x78	; 120
     260:	90 e0       	ldi	r25, 0x00	; 0
     262:	fc 01       	movw	r30, r24
     264:	80 81       	ld	r24, Z
     266:	91 81       	ldd	r25, Z+1	; 0x01
}
     268:	df 91       	pop	r29
     26a:	cf 91       	pop	r28
     26c:	08 95       	ret

0000026e <ADC_compute_voltage>:

float ADC_compute_voltage(uint16_t ADC_result)
{
     26e:	cf 92       	push	r12
     270:	df 92       	push	r13
     272:	ef 92       	push	r14
     274:	ff 92       	push	r15
     276:	cf 93       	push	r28
     278:	df 93       	push	r29
     27a:	cd b7       	in	r28, 0x3d	; 61
     27c:	de b7       	in	r29, 0x3e	; 62
     27e:	2d 97       	sbiw	r28, 0x0d	; 13
     280:	0f b6       	in	r0, 0x3f	; 63
     282:	f8 94       	cli
     284:	de bf       	out	0x3e, r29	; 62
     286:	0f be       	out	0x3f, r0	; 63
     288:	cd bf       	out	0x3d, r28	; 61
     28a:	9d 87       	std	Y+13, r25	; 0x0d
     28c:	8c 87       	std	Y+12, r24	; 0x0c
	const float V_max = 1.1;
     28e:	8d ec       	ldi	r24, 0xCD	; 205
     290:	9c ec       	ldi	r25, 0xCC	; 204
     292:	ac e8       	ldi	r26, 0x8C	; 140
     294:	bf e3       	ldi	r27, 0x3F	; 63
     296:	89 83       	std	Y+1, r24	; 0x01
     298:	9a 83       	std	Y+2, r25	; 0x02
     29a:	ab 83       	std	Y+3, r26	; 0x03
     29c:	bc 83       	std	Y+4, r27	; 0x04
	const uint16_t AD_max = 1023;
     29e:	8f ef       	ldi	r24, 0xFF	; 255
     2a0:	93 e0       	ldi	r25, 0x03	; 3
     2a2:	9e 83       	std	Y+6, r25	; 0x06
     2a4:	8d 83       	std	Y+5, r24	; 0x05
	const uint8_t  V_divider_factor = 3;
     2a6:	83 e0       	ldi	r24, 0x03	; 3
     2a8:	8f 83       	std	Y+7, r24	; 0x07
	
	float out = ADC_result*V_max/AD_max*V_divider_factor;
     2aa:	8c 85       	ldd	r24, Y+12	; 0x0c
     2ac:	9d 85       	ldd	r25, Y+13	; 0x0d
     2ae:	cc 01       	movw	r24, r24
     2b0:	a0 e0       	ldi	r26, 0x00	; 0
     2b2:	b0 e0       	ldi	r27, 0x00	; 0
     2b4:	bc 01       	movw	r22, r24
     2b6:	cd 01       	movw	r24, r26
     2b8:	0e 94 94 0a 	call	0x1528	; 0x1528 <__floatunsisf>
     2bc:	dc 01       	movw	r26, r24
     2be:	cb 01       	movw	r24, r22
     2c0:	29 81       	ldd	r18, Y+1	; 0x01
     2c2:	3a 81       	ldd	r19, Y+2	; 0x02
     2c4:	4b 81       	ldd	r20, Y+3	; 0x03
     2c6:	5c 81       	ldd	r21, Y+4	; 0x04
     2c8:	bc 01       	movw	r22, r24
     2ca:	cd 01       	movw	r24, r26
     2cc:	0e 94 46 0b 	call	0x168c	; 0x168c <__mulsf3>
     2d0:	dc 01       	movw	r26, r24
     2d2:	cb 01       	movw	r24, r22
     2d4:	6c 01       	movw	r12, r24
     2d6:	7d 01       	movw	r14, r26
     2d8:	8d 81       	ldd	r24, Y+5	; 0x05
     2da:	9e 81       	ldd	r25, Y+6	; 0x06
     2dc:	cc 01       	movw	r24, r24
     2de:	a0 e0       	ldi	r26, 0x00	; 0
     2e0:	b0 e0       	ldi	r27, 0x00	; 0
     2e2:	bc 01       	movw	r22, r24
     2e4:	cd 01       	movw	r24, r26
     2e6:	0e 94 94 0a 	call	0x1528	; 0x1528 <__floatunsisf>
     2ea:	dc 01       	movw	r26, r24
     2ec:	cb 01       	movw	r24, r22
     2ee:	9c 01       	movw	r18, r24
     2f0:	ad 01       	movw	r20, r26
     2f2:	c7 01       	movw	r24, r14
     2f4:	b6 01       	movw	r22, r12
     2f6:	0e 94 22 0a 	call	0x1444	; 0x1444 <__divsf3>
     2fa:	dc 01       	movw	r26, r24
     2fc:	cb 01       	movw	r24, r22
     2fe:	6c 01       	movw	r12, r24
     300:	7d 01       	movw	r14, r26
     302:	8f 81       	ldd	r24, Y+7	; 0x07
     304:	88 2f       	mov	r24, r24
     306:	90 e0       	ldi	r25, 0x00	; 0
     308:	09 2e       	mov	r0, r25
     30a:	00 0c       	add	r0, r0
     30c:	aa 0b       	sbc	r26, r26
     30e:	bb 0b       	sbc	r27, r27
     310:	bc 01       	movw	r22, r24
     312:	cd 01       	movw	r24, r26
     314:	0e 94 96 0a 	call	0x152c	; 0x152c <__floatsisf>
     318:	dc 01       	movw	r26, r24
     31a:	cb 01       	movw	r24, r22
     31c:	9c 01       	movw	r18, r24
     31e:	ad 01       	movw	r20, r26
     320:	c7 01       	movw	r24, r14
     322:	b6 01       	movw	r22, r12
     324:	0e 94 46 0b 	call	0x168c	; 0x168c <__mulsf3>
     328:	dc 01       	movw	r26, r24
     32a:	cb 01       	movw	r24, r22
     32c:	88 87       	std	Y+8, r24	; 0x08
     32e:	99 87       	std	Y+9, r25	; 0x09
     330:	aa 87       	std	Y+10, r26	; 0x0a
     332:	bb 87       	std	Y+11, r27	; 0x0b
	return out;
     334:	88 85       	ldd	r24, Y+8	; 0x08
     336:	99 85       	ldd	r25, Y+9	; 0x09
     338:	aa 85       	ldd	r26, Y+10	; 0x0a
     33a:	bb 85       	ldd	r27, Y+11	; 0x0b
}
     33c:	bc 01       	movw	r22, r24
     33e:	cd 01       	movw	r24, r26
     340:	2d 96       	adiw	r28, 0x0d	; 13
     342:	0f b6       	in	r0, 0x3f	; 63
     344:	f8 94       	cli
     346:	de bf       	out	0x3e, r29	; 62
     348:	0f be       	out	0x3f, r0	; 63
     34a:	cd bf       	out	0x3d, r28	; 61
     34c:	df 91       	pop	r29
     34e:	cf 91       	pop	r28
     350:	ff 90       	pop	r15
     352:	ef 90       	pop	r14
     354:	df 90       	pop	r13
     356:	cf 90       	pop	r12
     358:	08 95       	ret

0000035a <ADC_check_batt_voltage>:

void ADC_check_batt_voltage()
{
     35a:	1f 93       	push	r17
     35c:	cf 93       	push	r28
     35e:	df 93       	push	r29
     360:	00 d0       	rcall	.+0      	; 0x362 <ADC_check_batt_voltage+0x8>
     362:	00 d0       	rcall	.+0      	; 0x364 <ADC_check_batt_voltage+0xa>
     364:	00 d0       	rcall	.+0      	; 0x366 <ADC_check_batt_voltage+0xc>
     366:	cd b7       	in	r28, 0x3d	; 61
     368:	de b7       	in	r29, 0x3e	; 62
	uint16_t ADC_result = ADC_read();
     36a:	0e 94 2b 01 	call	0x256	; 0x256 <ADC_read>
     36e:	9a 83       	std	Y+2, r25	; 0x02
     370:	89 83       	std	Y+1, r24	; 0x01
	float batt_voltage = ADC_compute_voltage(ADC_result);
     372:	89 81       	ldd	r24, Y+1	; 0x01
     374:	9a 81       	ldd	r25, Y+2	; 0x02
     376:	0e 94 37 01 	call	0x26e	; 0x26e <ADC_compute_voltage>
     37a:	dc 01       	movw	r26, r24
     37c:	cb 01       	movw	r24, r22
     37e:	8b 83       	std	Y+3, r24	; 0x03
     380:	9c 83       	std	Y+4, r25	; 0x04
     382:	ad 83       	std	Y+5, r26	; 0x05
     384:	be 83       	std	Y+6, r27	; 0x06
	batt_voltage_OK = (batt_voltage <= BATTERY_VOLTAGE_MIN) ? 0:1;
     386:	11 e0       	ldi	r17, 0x01	; 1
     388:	20 e0       	ldi	r18, 0x00	; 0
     38a:	30 e0       	ldi	r19, 0x00	; 0
     38c:	40 e3       	ldi	r20, 0x30	; 48
     38e:	50 e4       	ldi	r21, 0x40	; 64
     390:	6b 81       	ldd	r22, Y+3	; 0x03
     392:	7c 81       	ldd	r23, Y+4	; 0x04
     394:	8d 81       	ldd	r24, Y+5	; 0x05
     396:	9e 81       	ldd	r25, Y+6	; 0x06
     398:	0e 94 1d 0a 	call	0x143a	; 0x143a <__cmpsf2>
     39c:	18 16       	cp	r1, r24
     39e:	0c f4       	brge	.+2      	; 0x3a2 <ADC_check_batt_voltage+0x48>
     3a0:	10 e0       	ldi	r17, 0x00	; 0
     3a2:	81 e0       	ldi	r24, 0x01	; 1
     3a4:	81 27       	eor	r24, r17
     3a6:	88 2f       	mov	r24, r24
     3a8:	90 e0       	ldi	r25, 0x00	; 0
     3aa:	80 93 03 01 	sts	0x0103, r24	; 0x800103 <batt_voltage_OK>
	ADC_disable();
     3ae:	0e 94 e4 01 	call	0x3c8	; 0x3c8 <ADC_disable>
}
     3b2:	00 00       	nop
     3b4:	26 96       	adiw	r28, 0x06	; 6
     3b6:	0f b6       	in	r0, 0x3f	; 63
     3b8:	f8 94       	cli
     3ba:	de bf       	out	0x3e, r29	; 62
     3bc:	0f be       	out	0x3f, r0	; 63
     3be:	cd bf       	out	0x3d, r28	; 61
     3c0:	df 91       	pop	r29
     3c2:	cf 91       	pop	r28
     3c4:	1f 91       	pop	r17
     3c6:	08 95       	ret

000003c8 <ADC_disable>:



void ADC_disable()
{
     3c8:	cf 93       	push	r28
     3ca:	df 93       	push	r29
     3cc:	cd b7       	in	r28, 0x3d	; 61
     3ce:	de b7       	in	r29, 0x3e	; 62
	// disable ADC for power saving
	ADCSRA &= ~(1 << ADEN);
     3d0:	8a e7       	ldi	r24, 0x7A	; 122
     3d2:	90 e0       	ldi	r25, 0x00	; 0
     3d4:	2a e7       	ldi	r18, 0x7A	; 122
     3d6:	30 e0       	ldi	r19, 0x00	; 0
     3d8:	f9 01       	movw	r30, r18
     3da:	20 81       	ld	r18, Z
     3dc:	2f 77       	andi	r18, 0x7F	; 127
     3de:	fc 01       	movw	r30, r24
     3e0:	20 83       	st	Z, r18
	DIDR0 = 0b11111111;
     3e2:	8e e7       	ldi	r24, 0x7E	; 126
     3e4:	90 e0       	ldi	r25, 0x00	; 0
     3e6:	2f ef       	ldi	r18, 0xFF	; 255
     3e8:	fc 01       	movw	r30, r24
     3ea:	20 83       	st	Z, r18
	PRR0 |= (1 << PRADC);
     3ec:	84 e6       	ldi	r24, 0x64	; 100
     3ee:	90 e0       	ldi	r25, 0x00	; 0
     3f0:	24 e6       	ldi	r18, 0x64	; 100
     3f2:	30 e0       	ldi	r19, 0x00	; 0
     3f4:	f9 01       	movw	r30, r18
     3f6:	20 81       	ld	r18, Z
     3f8:	21 60       	ori	r18, 0x01	; 1
     3fa:	fc 01       	movw	r30, r24
     3fc:	20 83       	st	Z, r18
}
     3fe:	00 00       	nop
     400:	df 91       	pop	r29
     402:	cf 91       	pop	r28
     404:	08 95       	ret

00000406 <configure_rdy_pin>:
	CREG3_state = I2C_Read_Nack();
	I2C_Stop();
	UART_write(CREG3_state);
	
	return CREG3_state;
}
     406:	cf 93       	push	r28
     408:	df 93       	push	r29
     40a:	cd b7       	in	r28, 0x3d	; 61
     40c:	de b7       	in	r29, 0x3e	; 62
     40e:	87 e2       	ldi	r24, 0x27	; 39
     410:	90 e0       	ldi	r25, 0x00	; 0
     412:	27 e2       	ldi	r18, 0x27	; 39
     414:	30 e0       	ldi	r19, 0x00	; 0
     416:	f9 01       	movw	r30, r18
     418:	20 81       	ld	r18, Z
     41a:	27 7f       	andi	r18, 0xF7	; 247
     41c:	fc 01       	movw	r30, r24
     41e:	20 83       	st	Z, r18
     420:	88 e2       	ldi	r24, 0x28	; 40
     422:	90 e0       	ldi	r25, 0x00	; 0
     424:	28 e2       	ldi	r18, 0x28	; 40
     426:	30 e0       	ldi	r19, 0x00	; 0
     428:	f9 01       	movw	r30, r18
     42a:	20 81       	ld	r18, Z
     42c:	28 60       	ori	r18, 0x08	; 8
     42e:	fc 01       	movw	r30, r24
     430:	20 83       	st	Z, r18
     432:	8c e6       	ldi	r24, 0x6C	; 108
     434:	90 e0       	ldi	r25, 0x00	; 0
     436:	2c e6       	ldi	r18, 0x6C	; 108
     438:	30 e0       	ldi	r19, 0x00	; 0
     43a:	f9 01       	movw	r30, r18
     43c:	20 81       	ld	r18, Z
     43e:	22 60       	ori	r18, 0x02	; 2
     440:	fc 01       	movw	r30, r24
     442:	20 83       	st	Z, r18
     444:	00 00       	nop
     446:	df 91       	pop	r29
     448:	cf 91       	pop	r28
     44a:	08 95       	ret

0000044c <AS7331_configure_CMD>:
     44c:	cf 93       	push	r28
     44e:	df 93       	push	r29
     450:	cd b7       	in	r28, 0x3d	; 61
     452:	de b7       	in	r29, 0x3e	; 62
     454:	60 e0       	ldi	r22, 0x00	; 0
     456:	84 e7       	ldi	r24, 0x74	; 116
     458:	0e 94 3e 03 	call	0x67c	; 0x67c <I2C_start>
     45c:	80 e0       	ldi	r24, 0x00	; 0
     45e:	0e 94 da 03 	call	0x7b4	; 0x7b4 <I2C_Write>
     462:	82 e0       	ldi	r24, 0x02	; 2
     464:	0e 94 da 03 	call	0x7b4	; 0x7b4 <I2C_Write>
     468:	0e 94 35 04 	call	0x86a	; 0x86a <I2C_Stop>
     46c:	60 e0       	ldi	r22, 0x00	; 0
     46e:	84 e7       	ldi	r24, 0x74	; 116
     470:	0e 94 3e 03 	call	0x67c	; 0x67c <I2C_start>
     474:	86 e0       	ldi	r24, 0x06	; 6
     476:	0e 94 da 03 	call	0x7b4	; 0x7b4 <I2C_Write>
     47a:	80 e2       	ldi	r24, 0x20	; 32
     47c:	0e 94 da 03 	call	0x7b4	; 0x7b4 <I2C_Write>
     480:	0e 94 35 04 	call	0x86a	; 0x86a <I2C_Stop>
     484:	60 e0       	ldi	r22, 0x00	; 0
     486:	84 e7       	ldi	r24, 0x74	; 116
     488:	0e 94 3e 03 	call	0x67c	; 0x67c <I2C_start>
     48c:	88 e0       	ldi	r24, 0x08	; 8
     48e:	0e 94 da 03 	call	0x7b4	; 0x7b4 <I2C_Write>
     492:	80 e4       	ldi	r24, 0x40	; 64
     494:	0e 94 da 03 	call	0x7b4	; 0x7b4 <I2C_Write>
     498:	0e 94 35 04 	call	0x86a	; 0x86a <I2C_Stop>
     49c:	60 e0       	ldi	r22, 0x00	; 0
     49e:	84 e7       	ldi	r24, 0x74	; 116
     4a0:	0e 94 3e 03 	call	0x67c	; 0x67c <I2C_start>
     4a4:	80 e0       	ldi	r24, 0x00	; 0
     4a6:	0e 94 da 03 	call	0x7b4	; 0x7b4 <I2C_Write>
     4aa:	83 e4       	ldi	r24, 0x43	; 67
     4ac:	0e 94 da 03 	call	0x7b4	; 0x7b4 <I2C_Write>
     4b0:	0e 94 35 04 	call	0x86a	; 0x86a <I2C_Stop>
     4b4:	81 e0       	ldi	r24, 0x01	; 1
     4b6:	df 91       	pop	r29
     4b8:	cf 91       	pop	r28
     4ba:	08 95       	ret

000004bc <AS7331_CMD_measurement_UVB>:

void AS7331_CMD_measurement_UVB()
{	
     4bc:	cf 93       	push	r28
     4be:	df 93       	push	r29
     4c0:	cd b7       	in	r28, 0x3d	; 61
     4c2:	de b7       	in	r29, 0x3e	; 62
	I2C_start(AS7331_I2C_address, 0);
     4c4:	60 e0       	ldi	r22, 0x00	; 0
     4c6:	84 e7       	ldi	r24, 0x74	; 116
     4c8:	0e 94 3e 03 	call	0x67c	; 0x67c <I2C_start>
	I2C_Write(OSR);
     4cc:	80 e0       	ldi	r24, 0x00	; 0
     4ce:	0e 94 da 03 	call	0x7b4	; 0x7b4 <I2C_Write>
	I2C_Write((uint8_t)((1 << DOS1) | (1 << DOS0) | (1 << PD) | (1 << SS)));
     4d2:	83 ec       	ldi	r24, 0xC3	; 195
     4d4:	0e 94 da 03 	call	0x7b4	; 0x7b4 <I2C_Write>
	I2C_Stop();
     4d8:	0e 94 35 04 	call	0x86a	; 0x86a <I2C_Stop>
}
     4dc:	00 00       	nop
     4de:	df 91       	pop	r29
     4e0:	cf 91       	pop	r28
     4e2:	08 95       	ret

000004e4 <AS7331_read_UVB>:

uint16_t AS7331_read_UVB()
{	
     4e4:	cf 93       	push	r28
     4e6:	df 93       	push	r29
     4e8:	00 d0       	rcall	.+0      	; 0x4ea <AS7331_read_UVB+0x6>
     4ea:	00 d0       	rcall	.+0      	; 0x4ec <AS7331_read_UVB+0x8>
     4ec:	cd b7       	in	r28, 0x3d	; 61
     4ee:	de b7       	in	r29, 0x3e	; 62
	uint8_t byte1 = 0;
     4f0:	19 82       	std	Y+1, r1	; 0x01
	uint8_t byte2 = 0;
     4f2:	1a 82       	std	Y+2, r1	; 0x02
	uint16_t measurement = 0;
     4f4:	1c 82       	std	Y+4, r1	; 0x04
     4f6:	1b 82       	std	Y+3, r1	; 0x03
	I2C_start(AS7331_I2C_address, 0);
     4f8:	60 e0       	ldi	r22, 0x00	; 0
     4fa:	84 e7       	ldi	r24, 0x74	; 116
     4fc:	0e 94 3e 03 	call	0x67c	; 0x67c <I2C_start>
	I2C_Write(MRES2);
     500:	83 e0       	ldi	r24, 0x03	; 3
     502:	0e 94 da 03 	call	0x7b4	; 0x7b4 <I2C_Write>
	I2C_repeated_start(AS7331_I2C_address, 1);
     506:	61 e0       	ldi	r22, 0x01	; 1
     508:	84 e7       	ldi	r24, 0x74	; 116
     50a:	0e 94 8c 03 	call	0x718	; 0x718 <I2C_repeated_start>
	byte1 = I2C_Read_Ack();
     50e:	0e 94 07 04 	call	0x80e	; 0x80e <I2C_Read_Ack>
     512:	89 83       	std	Y+1, r24	; 0x01
	byte2 = I2C_Read_Nack();
     514:	0e 94 1e 04 	call	0x83c	; 0x83c <I2C_Read_Nack>
     518:	8a 83       	std	Y+2, r24	; 0x02
	measurement = (uint16_t)byte1;
     51a:	89 81       	ldd	r24, Y+1	; 0x01
     51c:	88 2f       	mov	r24, r24
     51e:	90 e0       	ldi	r25, 0x00	; 0
     520:	9c 83       	std	Y+4, r25	; 0x04
     522:	8b 83       	std	Y+3, r24	; 0x03
	
	measurement |= ((uint16_t)(byte2 << 8));
     524:	8a 81       	ldd	r24, Y+2	; 0x02
     526:	88 2f       	mov	r24, r24
     528:	90 e0       	ldi	r25, 0x00	; 0
     52a:	98 2f       	mov	r25, r24
     52c:	88 27       	eor	r24, r24
     52e:	9c 01       	movw	r18, r24
     530:	8b 81       	ldd	r24, Y+3	; 0x03
     532:	9c 81       	ldd	r25, Y+4	; 0x04
     534:	82 2b       	or	r24, r18
     536:	93 2b       	or	r25, r19
     538:	9c 83       	std	Y+4, r25	; 0x04
     53a:	8b 83       	std	Y+3, r24	; 0x03
	I2C_Stop();
     53c:	0e 94 35 04 	call	0x86a	; 0x86a <I2C_Stop>
	
	AS7331_UVB_raw = measurement;
     540:	8b 81       	ldd	r24, Y+3	; 0x03
     542:	9c 81       	ldd	r25, Y+4	; 0x04
     544:	90 93 06 01 	sts	0x0106, r25	; 0x800106 <AS7331_UVB_raw+0x1>
     548:	80 93 05 01 	sts	0x0105, r24	; 0x800105 <AS7331_UVB_raw>
	return measurement;
     54c:	8b 81       	ldd	r24, Y+3	; 0x03
     54e:	9c 81       	ldd	r25, Y+4	; 0x04
}
     550:	0f 90       	pop	r0
     552:	0f 90       	pop	r0
     554:	0f 90       	pop	r0
     556:	0f 90       	pop	r0
     558:	df 91       	pop	r29
     55a:	cf 91       	pop	r28
     55c:	08 95       	ret

0000055e <AS7331_get_UVB_from_measurement>:

uint16_t AS7331_get_UVB_from_measurement(uint16_t measurement)
{
     55e:	cf 93       	push	r28
     560:	df 93       	push	r29
     562:	00 d0       	rcall	.+0      	; 0x564 <AS7331_get_UVB_from_measurement+0x6>
     564:	00 d0       	rcall	.+0      	; 0x566 <AS7331_get_UVB_from_measurement+0x8>
     566:	00 d0       	rcall	.+0      	; 0x568 <AS7331_get_UVB_from_measurement+0xa>
     568:	cd b7       	in	r28, 0x3d	; 61
     56a:	de b7       	in	r29, 0x3e	; 62
     56c:	9e 83       	std	Y+6, r25	; 0x06
     56e:	8d 83       	std	Y+5, r24	; 0x05
	uint32_t calc = ((uint32_t)measurement * UVB_FSR) / 1024;
     570:	8d 81       	ldd	r24, Y+5	; 0x05
     572:	9e 81       	ldd	r25, Y+6	; 0x06
     574:	9c 01       	movw	r18, r24
     576:	40 e0       	ldi	r20, 0x00	; 0
     578:	50 e0       	ldi	r21, 0x00	; 0
     57a:	84 ef       	ldi	r24, 0xF4	; 244
     57c:	92 e0       	ldi	r25, 0x02	; 2
     57e:	dc 01       	movw	r26, r24
     580:	0e 94 61 0f 	call	0x1ec2	; 0x1ec2 <__muluhisi3>
     584:	dc 01       	movw	r26, r24
     586:	cb 01       	movw	r24, r22
     588:	07 2e       	mov	r0, r23
     58a:	7a e0       	ldi	r23, 0x0A	; 10
     58c:	b6 95       	lsr	r27
     58e:	a7 95       	ror	r26
     590:	97 95       	ror	r25
     592:	87 95       	ror	r24
     594:	7a 95       	dec	r23
     596:	d1 f7       	brne	.-12     	; 0x58c <AS7331_get_UVB_from_measurement+0x2e>
     598:	70 2d       	mov	r23, r0
     59a:	89 83       	std	Y+1, r24	; 0x01
     59c:	9a 83       	std	Y+2, r25	; 0x02
     59e:	ab 83       	std	Y+3, r26	; 0x03
     5a0:	bc 83       	std	Y+4, r27	; 0x04
	return (uint16_t)calc;
     5a2:	89 81       	ldd	r24, Y+1	; 0x01
     5a4:	9a 81       	ldd	r25, Y+2	; 0x02
}
     5a6:	26 96       	adiw	r28, 0x06	; 6
     5a8:	0f b6       	in	r0, 0x3f	; 63
     5aa:	f8 94       	cli
     5ac:	de bf       	out	0x3e, r29	; 62
     5ae:	0f be       	out	0x3f, r0	; 63
     5b0:	cd bf       	out	0x3d, r28	; 61
     5b2:	df 91       	pop	r29
     5b4:	cf 91       	pop	r28
     5b6:	08 95       	ret

000005b8 <AS7331_after_measurement_routine>:

void AS7331_after_measurement_routine()
{
     5b8:	cf 93       	push	r28
     5ba:	df 93       	push	r29
     5bc:	cd b7       	in	r28, 0x3d	; 61
     5be:	de b7       	in	r29, 0x3e	; 62
	AS7331_ready_flag = 0;
     5c0:	10 92 04 01 	sts	0x0104, r1	; 0x800104 <AS7331_ready_flag>
	AS7331_read_UVB();
     5c4:	0e 94 72 02 	call	0x4e4	; 0x4e4 <AS7331_read_UVB>
	//AS7331_UVB_meas = AS7331_get_UVB_from_measurement(AS7331_UVB_raw);
	//fprintf(&mystdout, "raw: %u\n", AS7331_UVB_raw);
	//fprintf(&mystdout, "irradiance: %u uW/cm2\n", );
	program_state = 0;
     5c8:	10 92 00 01 	sts	0x0100, r1	; 0x800100 <__DATA_REGION_ORIGIN__>
	PCICR &= ~(1<<PCIE1);						// ready interrupt disable
     5cc:	88 e6       	ldi	r24, 0x68	; 104
     5ce:	90 e0       	ldi	r25, 0x00	; 0
     5d0:	28 e6       	ldi	r18, 0x68	; 104
     5d2:	30 e0       	ldi	r19, 0x00	; 0
     5d4:	f9 01       	movw	r30, r18
     5d6:	20 81       	ld	r18, Z
     5d8:	2d 7f       	andi	r18, 0xFD	; 253
     5da:	fc 01       	movw	r30, r24
     5dc:	20 83       	st	Z, r18
	EIMSK |= (1<<INT0);							// START button interrupt enable
     5de:	8d e3       	ldi	r24, 0x3D	; 61
     5e0:	90 e0       	ldi	r25, 0x00	; 0
     5e2:	2d e3       	ldi	r18, 0x3D	; 61
     5e4:	30 e0       	ldi	r19, 0x00	; 0
     5e6:	f9 01       	movw	r30, r18
     5e8:	20 81       	ld	r18, Z
     5ea:	21 60       	ori	r18, 0x01	; 1
     5ec:	fc 01       	movw	r30, r24
     5ee:	20 83       	st	Z, r18
     5f0:	00 00       	nop
     5f2:	df 91       	pop	r29
     5f4:	cf 91       	pop	r28
     5f6:	08 95       	ret

000005f8 <I2C_init>:

#define I2C_PRESCALER 1
#define I2C_FREQ 400000

void I2C_init()
{	
     5f8:	cf 93       	push	r28
     5fa:	df 93       	push	r29
     5fc:	cd b7       	in	r28, 0x3d	; 61
     5fe:	de b7       	in	r29, 0x3e	; 62
     600:	29 97       	sbiw	r28, 0x09	; 9
     602:	0f b6       	in	r0, 0x3f	; 63
     604:	f8 94       	cli
     606:	de bf       	out	0x3e, r29	; 62
     608:	0f be       	out	0x3f, r0	; 63
     60a:	cd bf       	out	0x3d, r28	; 61
	TWSR0 &= ~((1 << TWPS0) | (1 << TWPS1));
     60c:	89 eb       	ldi	r24, 0xB9	; 185
     60e:	90 e0       	ldi	r25, 0x00	; 0
     610:	29 eb       	ldi	r18, 0xB9	; 185
     612:	30 e0       	ldi	r19, 0x00	; 0
     614:	f9 01       	movw	r30, r18
     616:	20 81       	ld	r18, Z
     618:	2c 7f       	andi	r18, 0xFC	; 252
     61a:	fc 01       	movw	r30, r24
     61c:	20 83       	st	Z, r18
	uint8_t a = 0;
     61e:	19 82       	std	Y+1, r1	; 0x01
	uint32_t n = (F_CPU - 16*I2C_FREQ);
     620:	80 e0       	ldi	r24, 0x00	; 0
     622:	9a e6       	ldi	r25, 0x6A	; 106
     624:	a8 e1       	ldi	r26, 0x18	; 24
     626:	b0 e0       	ldi	r27, 0x00	; 0
     628:	8a 83       	std	Y+2, r24	; 0x02
     62a:	9b 83       	std	Y+3, r25	; 0x03
     62c:	ac 83       	std	Y+4, r26	; 0x04
     62e:	bd 83       	std	Y+5, r27	; 0x05
	uint32_t d = (2*(uint32_t)I2C_FREQ*I2C_PRESCALER);
     630:	80 e0       	ldi	r24, 0x00	; 0
     632:	95 e3       	ldi	r25, 0x35	; 53
     634:	ac e0       	ldi	r26, 0x0C	; 12
     636:	b0 e0       	ldi	r27, 0x00	; 0
     638:	8e 83       	std	Y+6, r24	; 0x06
     63a:	9f 83       	std	Y+7, r25	; 0x07
     63c:	a8 87       	std	Y+8, r26	; 0x08
     63e:	b9 87       	std	Y+9, r27	; 0x09
	a = (n/d);		// max TWBR = 255
     640:	8a 81       	ldd	r24, Y+2	; 0x02
     642:	9b 81       	ldd	r25, Y+3	; 0x03
     644:	ac 81       	ldd	r26, Y+4	; 0x04
     646:	bd 81       	ldd	r27, Y+5	; 0x05
     648:	2e 81       	ldd	r18, Y+6	; 0x06
     64a:	3f 81       	ldd	r19, Y+7	; 0x07
     64c:	48 85       	ldd	r20, Y+8	; 0x08
     64e:	59 85       	ldd	r21, Y+9	; 0x09
     650:	bc 01       	movw	r22, r24
     652:	cd 01       	movw	r24, r26
     654:	0e 94 30 0f 	call	0x1e60	; 0x1e60 <__udivmodsi4>
     658:	da 01       	movw	r26, r20
     65a:	c9 01       	movw	r24, r18
     65c:	89 83       	std	Y+1, r24	; 0x01
	TWBR0 = a;
     65e:	88 eb       	ldi	r24, 0xB8	; 184
     660:	90 e0       	ldi	r25, 0x00	; 0
     662:	29 81       	ldd	r18, Y+1	; 0x01
     664:	fc 01       	movw	r30, r24
     666:	20 83       	st	Z, r18
}
     668:	00 00       	nop
     66a:	29 96       	adiw	r28, 0x09	; 9
     66c:	0f b6       	in	r0, 0x3f	; 63
     66e:	f8 94       	cli
     670:	de bf       	out	0x3e, r29	; 62
     672:	0f be       	out	0x3f, r0	; 63
     674:	cd bf       	out	0x3d, r28	; 61
     676:	df 91       	pop	r29
     678:	cf 91       	pop	r28
     67a:	08 95       	ret

0000067c <I2C_start>:

uint8_t I2C_start(uint8_t write_address, uint8_t RW)			// RW=1 => Read
{
     67c:	cf 93       	push	r28
     67e:	df 93       	push	r29
     680:	00 d0       	rcall	.+0      	; 0x682 <I2C_start+0x6>
     682:	1f 92       	push	r1
     684:	cd b7       	in	r28, 0x3d	; 61
     686:	de b7       	in	r29, 0x3e	; 62
     688:	8a 83       	std	Y+2, r24	; 0x02
     68a:	6b 83       	std	Y+3, r22	; 0x03
	uint8_t status;
	TWCR0 = (1 << TWSTA) | (1 << TWEN) | (1 << TWINT);			// Enable TWI, generate START
     68c:	8c eb       	ldi	r24, 0xBC	; 188
     68e:	90 e0       	ldi	r25, 0x00	; 0
     690:	24 ea       	ldi	r18, 0xA4	; 164
     692:	fc 01       	movw	r30, r24
     694:	20 83       	st	Z, r18
	while(!(TWCR0&(1<<TWINT)));									// Wait until TWI finishes its current job
     696:	00 00       	nop
     698:	8c eb       	ldi	r24, 0xBC	; 188
     69a:	90 e0       	ldi	r25, 0x00	; 0
     69c:	fc 01       	movw	r30, r24
     69e:	80 81       	ld	r24, Z
     6a0:	88 23       	and	r24, r24
     6a2:	d4 f7       	brge	.-12     	; 0x698 <I2C_start+0x1c>
	status=TWSR0 & 0xF8;											// Read TWI status register
     6a4:	89 eb       	ldi	r24, 0xB9	; 185
     6a6:	90 e0       	ldi	r25, 0x00	; 0
     6a8:	fc 01       	movw	r30, r24
     6aa:	80 81       	ld	r24, Z
     6ac:	88 7f       	andi	r24, 0xF8	; 248
     6ae:	89 83       	std	Y+1, r24	; 0x01
	if(status != 0x08)											// Check weather START transmitted or not
     6b0:	89 81       	ldd	r24, Y+1	; 0x01
     6b2:	88 30       	cpi	r24, 0x08	; 8
     6b4:	11 f0       	breq	.+4      	; 0x6ba <I2C_start+0x3e>
	{
		//LCD_write(1);
		return 0;
     6b6:	80 e0       	ldi	r24, 0x00	; 0
     6b8:	29 c0       	rjmp	.+82     	; 0x70c <I2C_start+0x90>
	}
		
		
	TWDR0 = (write_address << 1) | (RW);							// Write slave address and RW bit to data register
     6ba:	8b eb       	ldi	r24, 0xBB	; 187
     6bc:	90 e0       	ldi	r25, 0x00	; 0
     6be:	2a 81       	ldd	r18, Y+2	; 0x02
     6c0:	22 2f       	mov	r18, r18
     6c2:	30 e0       	ldi	r19, 0x00	; 0
     6c4:	22 0f       	add	r18, r18
     6c6:	33 1f       	adc	r19, r19
     6c8:	32 2f       	mov	r19, r18
     6ca:	2b 81       	ldd	r18, Y+3	; 0x03
     6cc:	23 2b       	or	r18, r19
     6ce:	fc 01       	movw	r30, r24
     6d0:	20 83       	st	Z, r18
	TWCR0 = (1 << TWEN) | (1 << TWINT);							// Enable TWI & clear interrupt flag
     6d2:	8c eb       	ldi	r24, 0xBC	; 188
     6d4:	90 e0       	ldi	r25, 0x00	; 0
     6d6:	24 e8       	ldi	r18, 0x84	; 132
     6d8:	fc 01       	movw	r30, r24
     6da:	20 83       	st	Z, r18
	while(!(TWCR0 & (1 << TWINT)));
     6dc:	00 00       	nop
     6de:	8c eb       	ldi	r24, 0xBC	; 188
     6e0:	90 e0       	ldi	r25, 0x00	; 0
     6e2:	fc 01       	movw	r30, r24
     6e4:	80 81       	ld	r24, Z
     6e6:	88 23       	and	r24, r24
     6e8:	d4 f7       	brge	.-12     	; 0x6de <I2C_start+0x62>
	
	status = TWSR0 & 0xF8;
     6ea:	89 eb       	ldi	r24, 0xB9	; 185
     6ec:	90 e0       	ldi	r25, 0x00	; 0
     6ee:	fc 01       	movw	r30, r24
     6f0:	80 81       	ld	r24, Z
     6f2:	88 7f       	andi	r24, 0xF8	; 248
     6f4:	89 83       	std	Y+1, r24	; 0x01
	if(status == 0x18)											// Check for SLA+W transmitted & ACK received
     6f6:	89 81       	ldd	r24, Y+1	; 0x01
     6f8:	88 31       	cpi	r24, 0x18	; 24
     6fa:	11 f4       	brne	.+4      	; 0x700 <I2C_start+0x84>
	{
		//UART_write(1);
		return 1;												// Return 1 to indicate ack received
     6fc:	81 e0       	ldi	r24, 0x01	; 1
     6fe:	06 c0       	rjmp	.+12     	; 0x70c <I2C_start+0x90>
	}
		
		
	if(status==0x20)											// Check for SLA+W transmitted & NACK received */
     700:	89 81       	ldd	r24, Y+1	; 0x01
     702:	80 32       	cpi	r24, 0x20	; 32
     704:	11 f4       	brne	.+4      	; 0x70a <I2C_start+0x8e>
	{
		//UART_write(2);
		return 2;												// Return 2 to indicate NACK received
     706:	82 e0       	ldi	r24, 0x02	; 2
     708:	01 c0       	rjmp	.+2      	; 0x70c <I2C_start+0x90>
	}
		
	else
	{
		//UART_write(status);
		return 3;												// Else return 3 to indicate SLA+W failed
     70a:	83 e0       	ldi	r24, 0x03	; 3
	}
		
}
     70c:	0f 90       	pop	r0
     70e:	0f 90       	pop	r0
     710:	0f 90       	pop	r0
     712:	df 91       	pop	r29
     714:	cf 91       	pop	r28
     716:	08 95       	ret

00000718 <I2C_repeated_start>:


uint8_t I2C_repeated_start(uint8_t read_address, uint8_t RW)
{
     718:	cf 93       	push	r28
     71a:	df 93       	push	r29
     71c:	00 d0       	rcall	.+0      	; 0x71e <I2C_repeated_start+0x6>
     71e:	1f 92       	push	r1
     720:	cd b7       	in	r28, 0x3d	; 61
     722:	de b7       	in	r29, 0x3e	; 62
     724:	8a 83       	std	Y+2, r24	; 0x02
     726:	6b 83       	std	Y+3, r22	; 0x03
	uint8_t status;
	TWCR0 = (1 << TWSTA) | (1 << TWEN) | (1 << TWINT);			// Enable TWI, generate start
     728:	8c eb       	ldi	r24, 0xBC	; 188
     72a:	90 e0       	ldi	r25, 0x00	; 0
     72c:	24 ea       	ldi	r18, 0xA4	; 164
     72e:	fc 01       	movw	r30, r24
     730:	20 83       	st	Z, r18
	while(!(TWCR0 & (1 << TWINT)));								// Wait until TWI finishes its current job
     732:	00 00       	nop
     734:	8c eb       	ldi	r24, 0xBC	; 188
     736:	90 e0       	ldi	r25, 0x00	; 0
     738:	fc 01       	movw	r30, r24
     73a:	80 81       	ld	r24, Z
     73c:	88 23       	and	r24, r24
     73e:	d4 f7       	brge	.-12     	; 0x734 <I2C_repeated_start+0x1c>
	status = TWSR0 & 0xF8;										// Read TWI status register
     740:	89 eb       	ldi	r24, 0xB9	; 185
     742:	90 e0       	ldi	r25, 0x00	; 0
     744:	fc 01       	movw	r30, r24
     746:	80 81       	ld	r24, Z
     748:	88 7f       	andi	r24, 0xF8	; 248
     74a:	89 83       	std	Y+1, r24	; 0x01
	if(status != 0x10)											// Check for repeated start transmitted
     74c:	89 81       	ldd	r24, Y+1	; 0x01
     74e:	80 31       	cpi	r24, 0x10	; 16
     750:	11 f0       	breq	.+4      	; 0x756 <I2C_repeated_start+0x3e>
		return 0;
     752:	80 e0       	ldi	r24, 0x00	; 0
     754:	29 c0       	rjmp	.+82     	; 0x7a8 <I2C_repeated_start+0x90>
		
	TWDR0 = (read_address << 1) | RW;							// Write SLA+R in TWI data register
     756:	8b eb       	ldi	r24, 0xBB	; 187
     758:	90 e0       	ldi	r25, 0x00	; 0
     75a:	2a 81       	ldd	r18, Y+2	; 0x02
     75c:	22 2f       	mov	r18, r18
     75e:	30 e0       	ldi	r19, 0x00	; 0
     760:	22 0f       	add	r18, r18
     762:	33 1f       	adc	r19, r19
     764:	32 2f       	mov	r19, r18
     766:	2b 81       	ldd	r18, Y+3	; 0x03
     768:	23 2b       	or	r18, r19
     76a:	fc 01       	movw	r30, r24
     76c:	20 83       	st	Z, r18
	TWCR0 = (1 << TWEN) | (1 << TWINT);							// Enable TWI and clear interrupt flag
     76e:	8c eb       	ldi	r24, 0xBC	; 188
     770:	90 e0       	ldi	r25, 0x00	; 0
     772:	24 e8       	ldi	r18, 0x84	; 132
     774:	fc 01       	movw	r30, r24
     776:	20 83       	st	Z, r18
	while(!(TWCR0 & ( 1<< TWINT)));								// Wait until TWI finishes its current job
     778:	00 00       	nop
     77a:	8c eb       	ldi	r24, 0xBC	; 188
     77c:	90 e0       	ldi	r25, 0x00	; 0
     77e:	fc 01       	movw	r30, r24
     780:	80 81       	ld	r24, Z
     782:	88 23       	and	r24, r24
     784:	d4 f7       	brge	.-12     	; 0x77a <I2C_repeated_start+0x62>
	
	status = TWSR0 & 0xF8;										// Read TWI status register
     786:	89 eb       	ldi	r24, 0xB9	; 185
     788:	90 e0       	ldi	r25, 0x00	; 0
     78a:	fc 01       	movw	r30, r24
     78c:	80 81       	ld	r24, Z
     78e:	88 7f       	andi	r24, 0xF8	; 248
     790:	89 83       	std	Y+1, r24	; 0x01
	if(status == 0x40)											// Check for SLA+R transmitted & ACK received
     792:	89 81       	ldd	r24, Y+1	; 0x01
     794:	80 34       	cpi	r24, 0x40	; 64
     796:	11 f4       	brne	.+4      	; 0x79c <I2C_repeated_start+0x84>
		return 1;
     798:	81 e0       	ldi	r24, 0x01	; 1
     79a:	06 c0       	rjmp	.+12     	; 0x7a8 <I2C_repeated_start+0x90>
	if(status==0x48)											// Check for SLA+R transmitted & NACK received
     79c:	89 81       	ldd	r24, Y+1	; 0x01
     79e:	88 34       	cpi	r24, 0x48	; 72
     7a0:	11 f4       	brne	.+4      	; 0x7a6 <I2C_repeated_start+0x8e>
		return 2;												// Return 2 to indicate NACK received
     7a2:	82 e0       	ldi	r24, 0x02	; 2
     7a4:	01 c0       	rjmp	.+2      	; 0x7a8 <I2C_repeated_start+0x90>
	else
		return 3;
     7a6:	83 e0       	ldi	r24, 0x03	; 3
}
     7a8:	0f 90       	pop	r0
     7aa:	0f 90       	pop	r0
     7ac:	0f 90       	pop	r0
     7ae:	df 91       	pop	r29
     7b0:	cf 91       	pop	r28
     7b2:	08 95       	ret

000007b4 <I2C_Write>:

uint8_t I2C_Write(uint8_t data)
{
     7b4:	cf 93       	push	r28
     7b6:	df 93       	push	r29
     7b8:	00 d0       	rcall	.+0      	; 0x7ba <I2C_Write+0x6>
     7ba:	cd b7       	in	r28, 0x3d	; 61
     7bc:	de b7       	in	r29, 0x3e	; 62
     7be:	8a 83       	std	Y+2, r24	; 0x02
	uint8_t status;
	TWDR0 = data;												// Copy data in TWI data register
     7c0:	8b eb       	ldi	r24, 0xBB	; 187
     7c2:	90 e0       	ldi	r25, 0x00	; 0
     7c4:	2a 81       	ldd	r18, Y+2	; 0x02
     7c6:	fc 01       	movw	r30, r24
     7c8:	20 83       	st	Z, r18
	TWCR0 = (1 << TWEN) | (1 << TWINT);							// Enable TWI and clear interrupt flag
     7ca:	8c eb       	ldi	r24, 0xBC	; 188
     7cc:	90 e0       	ldi	r25, 0x00	; 0
     7ce:	24 e8       	ldi	r18, 0x84	; 132
     7d0:	fc 01       	movw	r30, r24
     7d2:	20 83       	st	Z, r18
	while(!(TWCR0 & (1 << TWINT)));								// Wait until TWI finishes its current job
     7d4:	00 00       	nop
     7d6:	8c eb       	ldi	r24, 0xBC	; 188
     7d8:	90 e0       	ldi	r25, 0x00	; 0
     7da:	fc 01       	movw	r30, r24
     7dc:	80 81       	ld	r24, Z
     7de:	88 23       	and	r24, r24
     7e0:	d4 f7       	brge	.-12     	; 0x7d6 <I2C_Write+0x22>
	
	status = TWSR0 & 0xF8;										// Read TWI status register
     7e2:	89 eb       	ldi	r24, 0xB9	; 185
     7e4:	90 e0       	ldi	r25, 0x00	; 0
     7e6:	fc 01       	movw	r30, r24
     7e8:	80 81       	ld	r24, Z
     7ea:	88 7f       	andi	r24, 0xF8	; 248
     7ec:	89 83       	std	Y+1, r24	; 0x01
	//UART_write(status);
	if(status == 0x28){											// Check for data transmitted &ACK received
     7ee:	89 81       	ldd	r24, Y+1	; 0x01
     7f0:	88 32       	cpi	r24, 0x28	; 40
     7f2:	11 f4       	brne	.+4      	; 0x7f8 <I2C_Write+0x44>
		return 0;
     7f4:	80 e0       	ldi	r24, 0x00	; 0
     7f6:	06 c0       	rjmp	.+12     	; 0x804 <__DATA_REGION_LENGTH__+0x4>
		LCD_write(1);
	}
	if(status == 0x30)											// Check for data transmitted & NACK received
     7f8:	89 81       	ldd	r24, Y+1	; 0x01
     7fa:	80 33       	cpi	r24, 0x30	; 48
     7fc:	11 f4       	brne	.+4      	; 0x802 <__DATA_REGION_LENGTH__+0x2>
		return 1;
     7fe:	81 e0       	ldi	r24, 0x01	; 1
     800:	01 c0       	rjmp	.+2      	; 0x804 <__DATA_REGION_LENGTH__+0x4>
	else
		return 2;
     802:	82 e0       	ldi	r24, 0x02	; 2
}
     804:	0f 90       	pop	r0
     806:	0f 90       	pop	r0
     808:	df 91       	pop	r29
     80a:	cf 91       	pop	r28
     80c:	08 95       	ret

0000080e <I2C_Read_Ack>:

uint8_t I2C_Read_Ack()
{
     80e:	cf 93       	push	r28
     810:	df 93       	push	r29
     812:	cd b7       	in	r28, 0x3d	; 61
     814:	de b7       	in	r29, 0x3e	; 62
	TWCR0 = (1 << TWEN) | (1 << TWINT) | (1 << TWEA);			// Enable TWI, generation of ack
     816:	8c eb       	ldi	r24, 0xBC	; 188
     818:	90 e0       	ldi	r25, 0x00	; 0
     81a:	24 ec       	ldi	r18, 0xC4	; 196
     81c:	fc 01       	movw	r30, r24
     81e:	20 83       	st	Z, r18
	while(!(TWCR0 & (1 << TWINT)));								// Wait until TWI finishes its current job
     820:	00 00       	nop
     822:	8c eb       	ldi	r24, 0xBC	; 188
     824:	90 e0       	ldi	r25, 0x00	; 0
     826:	fc 01       	movw	r30, r24
     828:	80 81       	ld	r24, Z
     82a:	88 23       	and	r24, r24
     82c:	d4 f7       	brge	.-12     	; 0x822 <I2C_Read_Ack+0x14>
	return TWDR0;												// Return received data
     82e:	8b eb       	ldi	r24, 0xBB	; 187
     830:	90 e0       	ldi	r25, 0x00	; 0
     832:	fc 01       	movw	r30, r24
     834:	80 81       	ld	r24, Z
}
     836:	df 91       	pop	r29
     838:	cf 91       	pop	r28
     83a:	08 95       	ret

0000083c <I2C_Read_Nack>:

uint8_t I2C_Read_Nack()
{
     83c:	cf 93       	push	r28
     83e:	df 93       	push	r29
     840:	cd b7       	in	r28, 0x3d	; 61
     842:	de b7       	in	r29, 0x3e	; 62
	TWCR0 = (1 << TWEN) | (1 << TWINT);							// Enable TWI
     844:	8c eb       	ldi	r24, 0xBC	; 188
     846:	90 e0       	ldi	r25, 0x00	; 0
     848:	24 e8       	ldi	r18, 0x84	; 132
     84a:	fc 01       	movw	r30, r24
     84c:	20 83       	st	Z, r18
	while(!(TWCR0 & (1 << TWINT)));								// Wait until TWI finishes its current job
     84e:	00 00       	nop
     850:	8c eb       	ldi	r24, 0xBC	; 188
     852:	90 e0       	ldi	r25, 0x00	; 0
     854:	fc 01       	movw	r30, r24
     856:	80 81       	ld	r24, Z
     858:	88 23       	and	r24, r24
     85a:	d4 f7       	brge	.-12     	; 0x850 <I2C_Read_Nack+0x14>
	return TWDR0;												// Return received data
     85c:	8b eb       	ldi	r24, 0xBB	; 187
     85e:	90 e0       	ldi	r25, 0x00	; 0
     860:	fc 01       	movw	r30, r24
     862:	80 81       	ld	r24, Z
}
     864:	df 91       	pop	r29
     866:	cf 91       	pop	r28
     868:	08 95       	ret

0000086a <I2C_Stop>:

void I2C_Stop()
{
     86a:	cf 93       	push	r28
     86c:	df 93       	push	r29
     86e:	cd b7       	in	r28, 0x3d	; 61
     870:	de b7       	in	r29, 0x3e	; 62
	TWCR0 = (1 << TWSTO) | (1 << TWINT) | (1 << TWEN);			// Enable TWI, generate stop
     872:	8c eb       	ldi	r24, 0xBC	; 188
     874:	90 e0       	ldi	r25, 0x00	; 0
     876:	24 e9       	ldi	r18, 0x94	; 148
     878:	fc 01       	movw	r30, r24
     87a:	20 83       	st	Z, r18
	while(TWCR0 & (1 << TWSTO));									// Wait until stop condition execution
     87c:	00 00       	nop
     87e:	8c eb       	ldi	r24, 0xBC	; 188
     880:	90 e0       	ldi	r25, 0x00	; 0
     882:	fc 01       	movw	r30, r24
     884:	80 81       	ld	r24, Z
     886:	88 2f       	mov	r24, r24
     888:	90 e0       	ldi	r25, 0x00	; 0
     88a:	80 71       	andi	r24, 0x10	; 16
     88c:	99 27       	eor	r25, r25
     88e:	89 2b       	or	r24, r25
     890:	b1 f7       	brne	.-20     	; 0x87e <I2C_Stop+0x14>
     892:	00 00       	nop
     894:	df 91       	pop	r29
     896:	cf 91       	pop	r28
     898:	08 95       	ret

0000089a <__vector_13>:
#include <stdio.h>
#include "UART.h"
#include "ADC.h"

ISR(TIMER1_OVF_vect)
{
     89a:	1f 92       	push	r1
     89c:	0f 92       	push	r0
     89e:	00 90 5f 00 	lds	r0, 0x005F	; 0x80005f <__TEXT_REGION_LENGTH__+0x7f805f>
     8a2:	0f 92       	push	r0
     8a4:	11 24       	eor	r1, r1
     8a6:	8f 93       	push	r24
     8a8:	9f 93       	push	r25
     8aa:	cf 93       	push	r28
     8ac:	df 93       	push	r29
     8ae:	cd b7       	in	r28, 0x3d	; 61
     8b0:	de b7       	in	r29, 0x3e	; 62
	++timer1overflowCount;
     8b2:	80 91 08 01 	lds	r24, 0x0108	; 0x800108 <timer1overflowCount>
     8b6:	90 91 09 01 	lds	r25, 0x0109	; 0x800109 <timer1overflowCount+0x1>
     8ba:	01 96       	adiw	r24, 0x01	; 1
     8bc:	90 93 09 01 	sts	0x0109, r25	; 0x800109 <timer1overflowCount+0x1>
     8c0:	80 93 08 01 	sts	0x0108, r24	; 0x800108 <timer1overflowCount>
}
     8c4:	00 00       	nop
     8c6:	df 91       	pop	r29
     8c8:	cf 91       	pop	r28
     8ca:	9f 91       	pop	r25
     8cc:	8f 91       	pop	r24
     8ce:	0f 90       	pop	r0
     8d0:	00 92 5f 00 	sts	0x005F, r0	; 0x80005f <__TEXT_REGION_LENGTH__+0x7f805f>
     8d4:	0f 90       	pop	r0
     8d6:	1f 90       	pop	r1
     8d8:	18 95       	reti

000008da <__vector_4>:

ISR(PCINT1_vect)					// ready pin
{
     8da:	1f 92       	push	r1
     8dc:	0f 92       	push	r0
     8de:	00 90 5f 00 	lds	r0, 0x005F	; 0x80005f <__TEXT_REGION_LENGTH__+0x7f805f>
     8e2:	0f 92       	push	r0
     8e4:	11 24       	eor	r1, r1
     8e6:	8f 93       	push	r24
     8e8:	cf 93       	push	r28
     8ea:	df 93       	push	r29
     8ec:	cd b7       	in	r28, 0x3d	; 61
     8ee:	de b7       	in	r29, 0x3e	; 62
	AS7331_ready_flag = 1;
     8f0:	81 e0       	ldi	r24, 0x01	; 1
     8f2:	80 93 04 01 	sts	0x0104, r24	; 0x800104 <AS7331_ready_flag>
}
     8f6:	00 00       	nop
     8f8:	df 91       	pop	r29
     8fa:	cf 91       	pop	r28
     8fc:	8f 91       	pop	r24
     8fe:	0f 90       	pop	r0
     900:	00 92 5f 00 	sts	0x005F, r0	; 0x80005f <__TEXT_REGION_LENGTH__+0x7f805f>
     904:	0f 90       	pop	r0
     906:	1f 90       	pop	r1
     908:	18 95       	reti

0000090a <__vector_1>:

ISR(INT0_vect)					// button pin
{	
     90a:	1f 92       	push	r1
     90c:	0f 92       	push	r0
     90e:	00 90 5f 00 	lds	r0, 0x005F	; 0x80005f <__TEXT_REGION_LENGTH__+0x7f805f>
     912:	0f 92       	push	r0
     914:	11 24       	eor	r1, r1
     916:	8f 93       	push	r24
     918:	cf 93       	push	r28
     91a:	df 93       	push	r29
     91c:	cd b7       	in	r28, 0x3d	; 61
     91e:	de b7       	in	r29, 0x3e	; 62
	AS7331_start_flag = 1;
     920:	81 e0       	ldi	r24, 0x01	; 1
     922:	80 93 07 01 	sts	0x0107, r24	; 0x800107 <AS7331_start_flag>
}
     926:	00 00       	nop
     928:	df 91       	pop	r29
     92a:	cf 91       	pop	r28
     92c:	8f 91       	pop	r24
     92e:	0f 90       	pop	r0
     930:	00 92 5f 00 	sts	0x005F, r0	; 0x80005f <__TEXT_REGION_LENGTH__+0x7f805f>
     934:	0f 90       	pop	r0
     936:	1f 90       	pop	r1
     938:	18 95       	reti

0000093a <__vector_21>:

ISR(ADC_vect)
{
     93a:	1f 92       	push	r1
     93c:	0f 92       	push	r0
     93e:	00 90 5f 00 	lds	r0, 0x005F	; 0x80005f <__TEXT_REGION_LENGTH__+0x7f805f>
     942:	0f 92       	push	r0
     944:	11 24       	eor	r1, r1
     946:	8f 93       	push	r24
     948:	cf 93       	push	r28
     94a:	df 93       	push	r29
     94c:	cd b7       	in	r28, 0x3d	; 61
     94e:	de b7       	in	r29, 0x3e	; 62
	ADC_conversion_done = 1;
     950:	81 e0       	ldi	r24, 0x01	; 1
     952:	80 93 02 01 	sts	0x0102, r24	; 0x800102 <__data_end>
     956:	00 00       	nop
     958:	df 91       	pop	r29
     95a:	cf 91       	pop	r28
     95c:	8f 91       	pop	r24
     95e:	0f 90       	pop	r0
     960:	00 92 5f 00 	sts	0x005F, r0	; 0x80005f <__TEXT_REGION_LENGTH__+0x7f805f>
     964:	0f 90       	pop	r0
     966:	1f 90       	pop	r1
     968:	18 95       	reti

0000096a <configure_LCD_pins>:
#include <avr/io.h>
#include "LCD.h"
#include "timer.h"

void configure_LCD_pins()
{
     96a:	cf 93       	push	r28
     96c:	df 93       	push	r29
     96e:	cd b7       	in	r28, 0x3d	; 61
     970:	de b7       	in	r29, 0x3e	; 62
	DDRB |= (1 << PORTB1) | (1 << PORTB2) | (1 << PORTB3) | (1 << PORTB4) | (1 << PORTB0); // SEG10, SEG13, SEG11, SEG12, SEG22
     972:	84 e2       	ldi	r24, 0x24	; 36
     974:	90 e0       	ldi	r25, 0x00	; 0
     976:	24 e2       	ldi	r18, 0x24	; 36
     978:	30 e0       	ldi	r19, 0x00	; 0
     97a:	f9 01       	movw	r30, r18
     97c:	20 81       	ld	r18, Z
     97e:	2f 61       	ori	r18, 0x1F	; 31
     980:	fc 01       	movw	r30, r24
     982:	20 83       	st	Z, r18
	DDRD |= (1 << PORTD5) | (1 << PORTD6) | (1 << PORTD7) | (1 << PORTD1); // SEG20, SEG23, SEG21, SEG32
     984:	8a e2       	ldi	r24, 0x2A	; 42
     986:	90 e0       	ldi	r25, 0x00	; 0
     988:	2a e2       	ldi	r18, 0x2A	; 42
     98a:	30 e0       	ldi	r19, 0x00	; 0
     98c:	f9 01       	movw	r30, r18
     98e:	20 81       	ld	r18, Z
     990:	22 6e       	ori	r18, 0xE2	; 226
     992:	fc 01       	movw	r30, r24
     994:	20 83       	st	Z, r18
	DDRC |=	(1 << PORTC0) | (1 << PORTC2) | (1 << PORTC3); // SEG30, SEG33, SEG31
     996:	87 e2       	ldi	r24, 0x27	; 39
     998:	90 e0       	ldi	r25, 0x00	; 0
     99a:	27 e2       	ldi	r18, 0x27	; 39
     99c:	30 e0       	ldi	r19, 0x00	; 0
     99e:	f9 01       	movw	r30, r18
     9a0:	20 81       	ld	r18, Z
     9a2:	2d 60       	ori	r18, 0x0D	; 13
     9a4:	fc 01       	movw	r30, r24
     9a6:	20 83       	st	Z, r18
	
	PORTB &= ~(1 << PORTB1);
     9a8:	85 e2       	ldi	r24, 0x25	; 37
     9aa:	90 e0       	ldi	r25, 0x00	; 0
     9ac:	25 e2       	ldi	r18, 0x25	; 37
     9ae:	30 e0       	ldi	r19, 0x00	; 0
     9b0:	f9 01       	movw	r30, r18
     9b2:	20 81       	ld	r18, Z
     9b4:	2d 7f       	andi	r18, 0xFD	; 253
     9b6:	fc 01       	movw	r30, r24
     9b8:	20 83       	st	Z, r18
	PORTB &= ~(1 << PORTB3);
     9ba:	85 e2       	ldi	r24, 0x25	; 37
     9bc:	90 e0       	ldi	r25, 0x00	; 0
     9be:	25 e2       	ldi	r18, 0x25	; 37
     9c0:	30 e0       	ldi	r19, 0x00	; 0
     9c2:	f9 01       	movw	r30, r18
     9c4:	20 81       	ld	r18, Z
     9c6:	27 7f       	andi	r18, 0xF7	; 247
     9c8:	fc 01       	movw	r30, r24
     9ca:	20 83       	st	Z, r18
	PORTB &= ~(1 << PORTB4);
     9cc:	85 e2       	ldi	r24, 0x25	; 37
     9ce:	90 e0       	ldi	r25, 0x00	; 0
     9d0:	25 e2       	ldi	r18, 0x25	; 37
     9d2:	30 e0       	ldi	r19, 0x00	; 0
     9d4:	f9 01       	movw	r30, r18
     9d6:	20 81       	ld	r18, Z
     9d8:	2f 7e       	andi	r18, 0xEF	; 239
     9da:	fc 01       	movw	r30, r24
     9dc:	20 83       	st	Z, r18
	PORTB &= ~(1 << PORTB2);
     9de:	85 e2       	ldi	r24, 0x25	; 37
     9e0:	90 e0       	ldi	r25, 0x00	; 0
     9e2:	25 e2       	ldi	r18, 0x25	; 37
     9e4:	30 e0       	ldi	r19, 0x00	; 0
     9e6:	f9 01       	movw	r30, r18
     9e8:	20 81       	ld	r18, Z
     9ea:	2b 7f       	andi	r18, 0xFB	; 251
     9ec:	fc 01       	movw	r30, r24
     9ee:	20 83       	st	Z, r18

	PORTD &= ~(1 << PORTD5);
     9f0:	8b e2       	ldi	r24, 0x2B	; 43
     9f2:	90 e0       	ldi	r25, 0x00	; 0
     9f4:	2b e2       	ldi	r18, 0x2B	; 43
     9f6:	30 e0       	ldi	r19, 0x00	; 0
     9f8:	f9 01       	movw	r30, r18
     9fa:	20 81       	ld	r18, Z
     9fc:	2f 7d       	andi	r18, 0xDF	; 223
     9fe:	fc 01       	movw	r30, r24
     a00:	20 83       	st	Z, r18
	PORTD &= ~(1 << PORTD7);
     a02:	8b e2       	ldi	r24, 0x2B	; 43
     a04:	90 e0       	ldi	r25, 0x00	; 0
     a06:	2b e2       	ldi	r18, 0x2B	; 43
     a08:	30 e0       	ldi	r19, 0x00	; 0
     a0a:	f9 01       	movw	r30, r18
     a0c:	20 81       	ld	r18, Z
     a0e:	2f 77       	andi	r18, 0x7F	; 127
     a10:	fc 01       	movw	r30, r24
     a12:	20 83       	st	Z, r18
	PORTB &= ~(1 << PORTB0);
     a14:	85 e2       	ldi	r24, 0x25	; 37
     a16:	90 e0       	ldi	r25, 0x00	; 0
     a18:	25 e2       	ldi	r18, 0x25	; 37
     a1a:	30 e0       	ldi	r19, 0x00	; 0
     a1c:	f9 01       	movw	r30, r18
     a1e:	20 81       	ld	r18, Z
     a20:	2e 7f       	andi	r18, 0xFE	; 254
     a22:	fc 01       	movw	r30, r24
     a24:	20 83       	st	Z, r18
	PORTD &= ~(1 << PORTD6);
     a26:	8b e2       	ldi	r24, 0x2B	; 43
     a28:	90 e0       	ldi	r25, 0x00	; 0
     a2a:	2b e2       	ldi	r18, 0x2B	; 43
     a2c:	30 e0       	ldi	r19, 0x00	; 0
     a2e:	f9 01       	movw	r30, r18
     a30:	20 81       	ld	r18, Z
     a32:	2f 7b       	andi	r18, 0xBF	; 191
     a34:	fc 01       	movw	r30, r24
     a36:	20 83       	st	Z, r18

	PORTC &= ~(1 << PORTC0);
     a38:	88 e2       	ldi	r24, 0x28	; 40
     a3a:	90 e0       	ldi	r25, 0x00	; 0
     a3c:	28 e2       	ldi	r18, 0x28	; 40
     a3e:	30 e0       	ldi	r19, 0x00	; 0
     a40:	f9 01       	movw	r30, r18
     a42:	20 81       	ld	r18, Z
     a44:	2e 7f       	andi	r18, 0xFE	; 254
     a46:	fc 01       	movw	r30, r24
     a48:	20 83       	st	Z, r18
	PORTC &= ~(1 << PORTC3);
     a4a:	88 e2       	ldi	r24, 0x28	; 40
     a4c:	90 e0       	ldi	r25, 0x00	; 0
     a4e:	28 e2       	ldi	r18, 0x28	; 40
     a50:	30 e0       	ldi	r19, 0x00	; 0
     a52:	f9 01       	movw	r30, r18
     a54:	20 81       	ld	r18, Z
     a56:	27 7f       	andi	r18, 0xF7	; 247
     a58:	fc 01       	movw	r30, r24
     a5a:	20 83       	st	Z, r18
	PORTD &= ~(1 << PORTD1);
     a5c:	8b e2       	ldi	r24, 0x2B	; 43
     a5e:	90 e0       	ldi	r25, 0x00	; 0
     a60:	2b e2       	ldi	r18, 0x2B	; 43
     a62:	30 e0       	ldi	r19, 0x00	; 0
     a64:	f9 01       	movw	r30, r18
     a66:	20 81       	ld	r18, Z
     a68:	2d 7f       	andi	r18, 0xFD	; 253
     a6a:	fc 01       	movw	r30, r24
     a6c:	20 83       	st	Z, r18
	PORTC &= ~(1 << PORTC2);
     a6e:	88 e2       	ldi	r24, 0x28	; 40
     a70:	90 e0       	ldi	r25, 0x00	; 0
     a72:	28 e2       	ldi	r18, 0x28	; 40
     a74:	30 e0       	ldi	r19, 0x00	; 0
     a76:	f9 01       	movw	r30, r18
     a78:	20 81       	ld	r18, Z
     a7a:	2b 7f       	andi	r18, 0xFB	; 251
     a7c:	fc 01       	movw	r30, r24
     a7e:	20 83       	st	Z, r18
}
     a80:	00 00       	nop
     a82:	df 91       	pop	r29
     a84:	cf 91       	pop	r28
     a86:	08 95       	ret

00000a88 <LCD_getBCD>:

void LCD_getBCD(uint16_t num, uint8_t* hundreds, uint8_t* tens, uint8_t* units)
{
     a88:	cf 93       	push	r28
     a8a:	df 93       	push	r29
     a8c:	cd b7       	in	r28, 0x3d	; 61
     a8e:	de b7       	in	r29, 0x3e	; 62
     a90:	28 97       	sbiw	r28, 0x08	; 8
     a92:	0f b6       	in	r0, 0x3f	; 63
     a94:	f8 94       	cli
     a96:	de bf       	out	0x3e, r29	; 62
     a98:	0f be       	out	0x3f, r0	; 63
     a9a:	cd bf       	out	0x3d, r28	; 61
     a9c:	9a 83       	std	Y+2, r25	; 0x02
     a9e:	89 83       	std	Y+1, r24	; 0x01
     aa0:	7c 83       	std	Y+4, r23	; 0x04
     aa2:	6b 83       	std	Y+3, r22	; 0x03
     aa4:	5e 83       	std	Y+6, r21	; 0x06
     aa6:	4d 83       	std	Y+5, r20	; 0x05
     aa8:	38 87       	std	Y+8, r19	; 0x08
     aaa:	2f 83       	std	Y+7, r18	; 0x07
	if (num > 999)
     aac:	89 81       	ldd	r24, Y+1	; 0x01
     aae:	9a 81       	ldd	r25, Y+2	; 0x02
     ab0:	88 3e       	cpi	r24, 0xE8	; 232
     ab2:	93 40       	sbci	r25, 0x03	; 3
     ab4:	20 f0       	brcs	.+8      	; 0xabe <LCD_getBCD+0x36>
		num = 999;
     ab6:	87 ee       	ldi	r24, 0xE7	; 231
     ab8:	93 e0       	ldi	r25, 0x03	; 3
     aba:	9a 83       	std	Y+2, r25	; 0x02
     abc:	89 83       	std	Y+1, r24	; 0x01
	
	*hundreds = num/100;
     abe:	89 81       	ldd	r24, Y+1	; 0x01
     ac0:	9a 81       	ldd	r25, Y+2	; 0x02
     ac2:	96 95       	lsr	r25
     ac4:	87 95       	ror	r24
     ac6:	96 95       	lsr	r25
     ac8:	87 95       	ror	r24
     aca:	9c 01       	movw	r18, r24
     acc:	ab e7       	ldi	r26, 0x7B	; 123
     ace:	b4 e1       	ldi	r27, 0x14	; 20
     ad0:	0e 94 52 0f 	call	0x1ea4	; 0x1ea4 <__umulhisi3>
     ad4:	96 95       	lsr	r25
     ad6:	87 95       	ror	r24
     ad8:	28 2f       	mov	r18, r24
     ada:	8b 81       	ldd	r24, Y+3	; 0x03
     adc:	9c 81       	ldd	r25, Y+4	; 0x04
     ade:	fc 01       	movw	r30, r24
     ae0:	20 83       	st	Z, r18
	num = num - (*hundreds)*100;
     ae2:	8b 81       	ldd	r24, Y+3	; 0x03
     ae4:	9c 81       	ldd	r25, Y+4	; 0x04
     ae6:	fc 01       	movw	r30, r24
     ae8:	80 81       	ld	r24, Z
     aea:	88 2f       	mov	r24, r24
     aec:	90 e0       	ldi	r25, 0x00	; 0
     aee:	4c e9       	ldi	r20, 0x9C	; 156
     af0:	bc 01       	movw	r22, r24
     af2:	46 03       	mulsu	r20, r22
     af4:	90 01       	movw	r18, r0
     af6:	47 9f       	mul	r20, r23
     af8:	30 0d       	add	r19, r0
     afa:	11 24       	eor	r1, r1
     afc:	89 81       	ldd	r24, Y+1	; 0x01
     afe:	9a 81       	ldd	r25, Y+2	; 0x02
     b00:	82 0f       	add	r24, r18
     b02:	93 1f       	adc	r25, r19
     b04:	9a 83       	std	Y+2, r25	; 0x02
     b06:	89 83       	std	Y+1, r24	; 0x01
	*tens = num/10;
     b08:	89 81       	ldd	r24, Y+1	; 0x01
     b0a:	9a 81       	ldd	r25, Y+2	; 0x02
     b0c:	9c 01       	movw	r18, r24
     b0e:	ad ec       	ldi	r26, 0xCD	; 205
     b10:	bc ec       	ldi	r27, 0xCC	; 204
     b12:	0e 94 52 0f 	call	0x1ea4	; 0x1ea4 <__umulhisi3>
     b16:	96 95       	lsr	r25
     b18:	87 95       	ror	r24
     b1a:	96 95       	lsr	r25
     b1c:	87 95       	ror	r24
     b1e:	96 95       	lsr	r25
     b20:	87 95       	ror	r24
     b22:	28 2f       	mov	r18, r24
     b24:	8d 81       	ldd	r24, Y+5	; 0x05
     b26:	9e 81       	ldd	r25, Y+6	; 0x06
     b28:	fc 01       	movw	r30, r24
     b2a:	20 83       	st	Z, r18
	num = num - (*tens)*10;
     b2c:	8d 81       	ldd	r24, Y+5	; 0x05
     b2e:	9e 81       	ldd	r25, Y+6	; 0x06
     b30:	fc 01       	movw	r30, r24
     b32:	80 81       	ld	r24, Z
     b34:	88 2f       	mov	r24, r24
     b36:	90 e0       	ldi	r25, 0x00	; 0
     b38:	46 ef       	ldi	r20, 0xF6	; 246
     b3a:	bc 01       	movw	r22, r24
     b3c:	46 03       	mulsu	r20, r22
     b3e:	90 01       	movw	r18, r0
     b40:	47 9f       	mul	r20, r23
     b42:	30 0d       	add	r19, r0
     b44:	11 24       	eor	r1, r1
     b46:	89 81       	ldd	r24, Y+1	; 0x01
     b48:	9a 81       	ldd	r25, Y+2	; 0x02
     b4a:	82 0f       	add	r24, r18
     b4c:	93 1f       	adc	r25, r19
     b4e:	9a 83       	std	Y+2, r25	; 0x02
     b50:	89 83       	std	Y+1, r24	; 0x01
	*units = num;
     b52:	29 81       	ldd	r18, Y+1	; 0x01
     b54:	8f 81       	ldd	r24, Y+7	; 0x07
     b56:	98 85       	ldd	r25, Y+8	; 0x08
     b58:	fc 01       	movw	r30, r24
     b5a:	20 83       	st	Z, r18
}
     b5c:	00 00       	nop
     b5e:	28 96       	adiw	r28, 0x08	; 8
     b60:	0f b6       	in	r0, 0x3f	; 63
     b62:	f8 94       	cli
     b64:	de bf       	out	0x3e, r29	; 62
     b66:	0f be       	out	0x3f, r0	; 63
     b68:	cd bf       	out	0x3d, r28	; 61
     b6a:	df 91       	pop	r29
     b6c:	cf 91       	pop	r28
     b6e:	08 95       	ret

00000b70 <LCD_write>:

void LCD_write(uint16_t num)
{
     b70:	cf 93       	push	r28
     b72:	df 93       	push	r29
     b74:	00 d0       	rcall	.+0      	; 0xb76 <LCD_write+0x6>
     b76:	00 d0       	rcall	.+0      	; 0xb78 <LCD_write+0x8>
     b78:	1f 92       	push	r1
     b7a:	cd b7       	in	r28, 0x3d	; 61
     b7c:	de b7       	in	r29, 0x3e	; 62
     b7e:	9d 83       	std	Y+5, r25	; 0x05
     b80:	8c 83       	std	Y+4, r24	; 0x04
	uint8_t hundreds = 0;
     b82:	19 82       	std	Y+1, r1	; 0x01
	uint8_t tens = 0;
     b84:	1a 82       	std	Y+2, r1	; 0x02
	uint8_t units = 0;
     b86:	1b 82       	std	Y+3, r1	; 0x03
	
	LCD_getBCD(num, &hundreds, &tens, &units);
     b88:	9e 01       	movw	r18, r28
     b8a:	2d 5f       	subi	r18, 0xFD	; 253
     b8c:	3f 4f       	sbci	r19, 0xFF	; 255
     b8e:	ae 01       	movw	r20, r28
     b90:	4e 5f       	subi	r20, 0xFE	; 254
     b92:	5f 4f       	sbci	r21, 0xFF	; 255
     b94:	8c 81       	ldd	r24, Y+4	; 0x04
     b96:	9d 81       	ldd	r25, Y+5	; 0x05
     b98:	be 01       	movw	r22, r28
     b9a:	6f 5f       	subi	r22, 0xFF	; 255
     b9c:	7f 4f       	sbci	r23, 0xFF	; 255
     b9e:	0e 94 44 05 	call	0xa88	; 0xa88 <LCD_getBCD>
	LCD_writeSEG1(hundreds);
     ba2:	89 81       	ldd	r24, Y+1	; 0x01
     ba4:	0e 94 f5 05 	call	0xbea	; 0xbea <LCD_writeSEG1>
	timerDelay2(1000000);
     ba8:	60 e4       	ldi	r22, 0x40	; 64
     baa:	72 e4       	ldi	r23, 0x42	; 66
     bac:	8f e0       	ldi	r24, 0x0F	; 15
     bae:	90 e0       	ldi	r25, 0x00	; 0
     bb0:	0e 94 cd 09 	call	0x139a	; 0x139a <timerDelay2>
	LCD_writeSEG1(tens);
     bb4:	8a 81       	ldd	r24, Y+2	; 0x02
     bb6:	0e 94 f5 05 	call	0xbea	; 0xbea <LCD_writeSEG1>
	timerDelay2(1000000);
     bba:	60 e4       	ldi	r22, 0x40	; 64
     bbc:	72 e4       	ldi	r23, 0x42	; 66
     bbe:	8f e0       	ldi	r24, 0x0F	; 15
     bc0:	90 e0       	ldi	r25, 0x00	; 0
     bc2:	0e 94 cd 09 	call	0x139a	; 0x139a <timerDelay2>
	LCD_writeSEG1(units);
     bc6:	8b 81       	ldd	r24, Y+3	; 0x03
     bc8:	0e 94 f5 05 	call	0xbea	; 0xbea <LCD_writeSEG1>
	
	LCD_writeSEG2(units);
     bcc:	8b 81       	ldd	r24, Y+3	; 0x03
     bce:	0e 94 84 06 	call	0xd08	; 0xd08 <LCD_writeSEG2>
	LCD_writeSEG3(units);
     bd2:	8b 81       	ldd	r24, Y+3	; 0x03
     bd4:	0e 94 13 07 	call	0xe26	; 0xe26 <LCD_writeSEG3>
}
     bd8:	00 00       	nop
     bda:	0f 90       	pop	r0
     bdc:	0f 90       	pop	r0
     bde:	0f 90       	pop	r0
     be0:	0f 90       	pop	r0
     be2:	0f 90       	pop	r0
     be4:	df 91       	pop	r29
     be6:	cf 91       	pop	r28
     be8:	08 95       	ret

00000bea <LCD_writeSEG1>:

void LCD_writeSEG1(uint8_t bcdIn)
{
     bea:	cf 93       	push	r28
     bec:	df 93       	push	r29
     bee:	00 d0       	rcall	.+0      	; 0xbf0 <LCD_writeSEG1+0x6>
     bf0:	00 d0       	rcall	.+0      	; 0xbf2 <LCD_writeSEG1+0x8>
     bf2:	1f 92       	push	r1
     bf4:	cd b7       	in	r28, 0x3d	; 61
     bf6:	de b7       	in	r29, 0x3e	; 62
     bf8:	8d 83       	std	Y+5, r24	; 0x05
	if (bcdIn > 9)
     bfa:	8d 81       	ldd	r24, Y+5	; 0x05
     bfc:	8a 30       	cpi	r24, 0x0A	; 10
     bfe:	10 f0       	brcs	.+4      	; 0xc04 <LCD_writeSEG1+0x1a>
		bcdIn = 9;
     c00:	89 e0       	ldi	r24, 0x09	; 9
     c02:	8d 83       	std	Y+5, r24	; 0x05
	
	uint8_t bcd0 = bcdIn & 1;
     c04:	8d 81       	ldd	r24, Y+5	; 0x05
     c06:	81 70       	andi	r24, 0x01	; 1
     c08:	89 83       	std	Y+1, r24	; 0x01
	uint8_t bcd1 = (bcdIn & 2) >> 1;
     c0a:	8d 81       	ldd	r24, Y+5	; 0x05
     c0c:	88 2f       	mov	r24, r24
     c0e:	90 e0       	ldi	r25, 0x00	; 0
     c10:	82 70       	andi	r24, 0x02	; 2
     c12:	99 27       	eor	r25, r25
     c14:	95 95       	asr	r25
     c16:	87 95       	ror	r24
     c18:	8a 83       	std	Y+2, r24	; 0x02
	uint8_t bcd2 = (bcdIn & 4) >> 2;
     c1a:	8d 81       	ldd	r24, Y+5	; 0x05
     c1c:	88 2f       	mov	r24, r24
     c1e:	90 e0       	ldi	r25, 0x00	; 0
     c20:	84 70       	andi	r24, 0x04	; 4
     c22:	99 27       	eor	r25, r25
     c24:	95 95       	asr	r25
     c26:	87 95       	ror	r24
     c28:	95 95       	asr	r25
     c2a:	87 95       	ror	r24
     c2c:	8b 83       	std	Y+3, r24	; 0x03
	uint8_t bcd3 = (bcdIn & 8) >> 3;
     c2e:	8d 81       	ldd	r24, Y+5	; 0x05
     c30:	88 2f       	mov	r24, r24
     c32:	90 e0       	ldi	r25, 0x00	; 0
     c34:	88 70       	andi	r24, 0x08	; 8
     c36:	99 27       	eor	r25, r25
     c38:	95 95       	asr	r25
     c3a:	87 95       	ror	r24
     c3c:	95 95       	asr	r25
     c3e:	87 95       	ror	r24
     c40:	95 95       	asr	r25
     c42:	87 95       	ror	r24
     c44:	8c 83       	std	Y+4, r24	; 0x04
	
	(bcd0 == 1) ? (PORTB |= 1 << PORTB1) : (PORTB &= ~(1 << PORTB1));
     c46:	89 81       	ldd	r24, Y+1	; 0x01
     c48:	81 30       	cpi	r24, 0x01	; 1
     c4a:	51 f4       	brne	.+20     	; 0xc60 <LCD_writeSEG1+0x76>
     c4c:	85 e2       	ldi	r24, 0x25	; 37
     c4e:	90 e0       	ldi	r25, 0x00	; 0
     c50:	25 e2       	ldi	r18, 0x25	; 37
     c52:	30 e0       	ldi	r19, 0x00	; 0
     c54:	f9 01       	movw	r30, r18
     c56:	20 81       	ld	r18, Z
     c58:	22 60       	ori	r18, 0x02	; 2
     c5a:	fc 01       	movw	r30, r24
     c5c:	20 83       	st	Z, r18
     c5e:	09 c0       	rjmp	.+18     	; 0xc72 <LCD_writeSEG1+0x88>
     c60:	85 e2       	ldi	r24, 0x25	; 37
     c62:	90 e0       	ldi	r25, 0x00	; 0
     c64:	25 e2       	ldi	r18, 0x25	; 37
     c66:	30 e0       	ldi	r19, 0x00	; 0
     c68:	f9 01       	movw	r30, r18
     c6a:	20 81       	ld	r18, Z
     c6c:	2d 7f       	andi	r18, 0xFD	; 253
     c6e:	fc 01       	movw	r30, r24
     c70:	20 83       	st	Z, r18
	(bcd1 == 1) ? (PORTB |= 1 << PORTB3) : (PORTB &= ~(1 << PORTB3));
     c72:	8a 81       	ldd	r24, Y+2	; 0x02
     c74:	81 30       	cpi	r24, 0x01	; 1
     c76:	51 f4       	brne	.+20     	; 0xc8c <LCD_writeSEG1+0xa2>
     c78:	85 e2       	ldi	r24, 0x25	; 37
     c7a:	90 e0       	ldi	r25, 0x00	; 0
     c7c:	25 e2       	ldi	r18, 0x25	; 37
     c7e:	30 e0       	ldi	r19, 0x00	; 0
     c80:	f9 01       	movw	r30, r18
     c82:	20 81       	ld	r18, Z
     c84:	28 60       	ori	r18, 0x08	; 8
     c86:	fc 01       	movw	r30, r24
     c88:	20 83       	st	Z, r18
     c8a:	09 c0       	rjmp	.+18     	; 0xc9e <LCD_writeSEG1+0xb4>
     c8c:	85 e2       	ldi	r24, 0x25	; 37
     c8e:	90 e0       	ldi	r25, 0x00	; 0
     c90:	25 e2       	ldi	r18, 0x25	; 37
     c92:	30 e0       	ldi	r19, 0x00	; 0
     c94:	f9 01       	movw	r30, r18
     c96:	20 81       	ld	r18, Z
     c98:	27 7f       	andi	r18, 0xF7	; 247
     c9a:	fc 01       	movw	r30, r24
     c9c:	20 83       	st	Z, r18
	(bcd2 == 1) ? (PORTB |= 1 << PORTB4) : (PORTB &= ~(1 << PORTB4));
     c9e:	8b 81       	ldd	r24, Y+3	; 0x03
     ca0:	81 30       	cpi	r24, 0x01	; 1
     ca2:	51 f4       	brne	.+20     	; 0xcb8 <LCD_writeSEG1+0xce>
     ca4:	85 e2       	ldi	r24, 0x25	; 37
     ca6:	90 e0       	ldi	r25, 0x00	; 0
     ca8:	25 e2       	ldi	r18, 0x25	; 37
     caa:	30 e0       	ldi	r19, 0x00	; 0
     cac:	f9 01       	movw	r30, r18
     cae:	20 81       	ld	r18, Z
     cb0:	20 61       	ori	r18, 0x10	; 16
     cb2:	fc 01       	movw	r30, r24
     cb4:	20 83       	st	Z, r18
     cb6:	09 c0       	rjmp	.+18     	; 0xcca <LCD_writeSEG1+0xe0>
     cb8:	85 e2       	ldi	r24, 0x25	; 37
     cba:	90 e0       	ldi	r25, 0x00	; 0
     cbc:	25 e2       	ldi	r18, 0x25	; 37
     cbe:	30 e0       	ldi	r19, 0x00	; 0
     cc0:	f9 01       	movw	r30, r18
     cc2:	20 81       	ld	r18, Z
     cc4:	2f 7e       	andi	r18, 0xEF	; 239
     cc6:	fc 01       	movw	r30, r24
     cc8:	20 83       	st	Z, r18
	(bcd3 == 1) ? (PORTB |= 1 << PORTB2) : (PORTB &= ~(1 << PORTB2));
     cca:	8c 81       	ldd	r24, Y+4	; 0x04
     ccc:	81 30       	cpi	r24, 0x01	; 1
     cce:	51 f4       	brne	.+20     	; 0xce4 <LCD_writeSEG1+0xfa>
     cd0:	85 e2       	ldi	r24, 0x25	; 37
     cd2:	90 e0       	ldi	r25, 0x00	; 0
     cd4:	25 e2       	ldi	r18, 0x25	; 37
     cd6:	30 e0       	ldi	r19, 0x00	; 0
     cd8:	f9 01       	movw	r30, r18
     cda:	20 81       	ld	r18, Z
     cdc:	24 60       	ori	r18, 0x04	; 4
     cde:	fc 01       	movw	r30, r24
     ce0:	20 83       	st	Z, r18
}
     ce2:	09 c0       	rjmp	.+18     	; 0xcf6 <LCD_writeSEG1+0x10c>
	uint8_t bcd3 = (bcdIn & 8) >> 3;
	
	(bcd0 == 1) ? (PORTB |= 1 << PORTB1) : (PORTB &= ~(1 << PORTB1));
	(bcd1 == 1) ? (PORTB |= 1 << PORTB3) : (PORTB &= ~(1 << PORTB3));
	(bcd2 == 1) ? (PORTB |= 1 << PORTB4) : (PORTB &= ~(1 << PORTB4));
	(bcd3 == 1) ? (PORTB |= 1 << PORTB2) : (PORTB &= ~(1 << PORTB2));
     ce4:	85 e2       	ldi	r24, 0x25	; 37
     ce6:	90 e0       	ldi	r25, 0x00	; 0
     ce8:	25 e2       	ldi	r18, 0x25	; 37
     cea:	30 e0       	ldi	r19, 0x00	; 0
     cec:	f9 01       	movw	r30, r18
     cee:	20 81       	ld	r18, Z
     cf0:	2b 7f       	andi	r18, 0xFB	; 251
     cf2:	fc 01       	movw	r30, r24
     cf4:	20 83       	st	Z, r18
}
     cf6:	00 00       	nop
     cf8:	0f 90       	pop	r0
     cfa:	0f 90       	pop	r0
     cfc:	0f 90       	pop	r0
     cfe:	0f 90       	pop	r0
     d00:	0f 90       	pop	r0
     d02:	df 91       	pop	r29
     d04:	cf 91       	pop	r28
     d06:	08 95       	ret

00000d08 <LCD_writeSEG2>:

void LCD_writeSEG2(uint8_t bcdIn)
{
     d08:	cf 93       	push	r28
     d0a:	df 93       	push	r29
     d0c:	00 d0       	rcall	.+0      	; 0xd0e <LCD_writeSEG2+0x6>
     d0e:	00 d0       	rcall	.+0      	; 0xd10 <LCD_writeSEG2+0x8>
     d10:	1f 92       	push	r1
     d12:	cd b7       	in	r28, 0x3d	; 61
     d14:	de b7       	in	r29, 0x3e	; 62
     d16:	8d 83       	std	Y+5, r24	; 0x05
	if (bcdIn > 9)
     d18:	8d 81       	ldd	r24, Y+5	; 0x05
     d1a:	8a 30       	cpi	r24, 0x0A	; 10
     d1c:	10 f0       	brcs	.+4      	; 0xd22 <LCD_writeSEG2+0x1a>
	bcdIn = 9;
     d1e:	89 e0       	ldi	r24, 0x09	; 9
     d20:	8d 83       	std	Y+5, r24	; 0x05
	
	uint8_t bcd0 = bcdIn & 1;
     d22:	8d 81       	ldd	r24, Y+5	; 0x05
     d24:	81 70       	andi	r24, 0x01	; 1
     d26:	89 83       	std	Y+1, r24	; 0x01
	uint8_t bcd1 = (bcdIn & 2) >> 1;
     d28:	8d 81       	ldd	r24, Y+5	; 0x05
     d2a:	88 2f       	mov	r24, r24
     d2c:	90 e0       	ldi	r25, 0x00	; 0
     d2e:	82 70       	andi	r24, 0x02	; 2
     d30:	99 27       	eor	r25, r25
     d32:	95 95       	asr	r25
     d34:	87 95       	ror	r24
     d36:	8a 83       	std	Y+2, r24	; 0x02
	uint8_t bcd2 = (bcdIn & 4) >> 2;
     d38:	8d 81       	ldd	r24, Y+5	; 0x05
     d3a:	88 2f       	mov	r24, r24
     d3c:	90 e0       	ldi	r25, 0x00	; 0
     d3e:	84 70       	andi	r24, 0x04	; 4
     d40:	99 27       	eor	r25, r25
     d42:	95 95       	asr	r25
     d44:	87 95       	ror	r24
     d46:	95 95       	asr	r25
     d48:	87 95       	ror	r24
     d4a:	8b 83       	std	Y+3, r24	; 0x03
	uint8_t bcd3 = (bcdIn & 8) >> 3;
     d4c:	8d 81       	ldd	r24, Y+5	; 0x05
     d4e:	88 2f       	mov	r24, r24
     d50:	90 e0       	ldi	r25, 0x00	; 0
     d52:	88 70       	andi	r24, 0x08	; 8
     d54:	99 27       	eor	r25, r25
     d56:	95 95       	asr	r25
     d58:	87 95       	ror	r24
     d5a:	95 95       	asr	r25
     d5c:	87 95       	ror	r24
     d5e:	95 95       	asr	r25
     d60:	87 95       	ror	r24
     d62:	8c 83       	std	Y+4, r24	; 0x04
	
	(bcd0 == 1) ? (PORTD |= 1 << PORTD5) : (PORTD &= ~(1 << PORTD5));
     d64:	89 81       	ldd	r24, Y+1	; 0x01
     d66:	81 30       	cpi	r24, 0x01	; 1
     d68:	51 f4       	brne	.+20     	; 0xd7e <LCD_writeSEG2+0x76>
     d6a:	8b e2       	ldi	r24, 0x2B	; 43
     d6c:	90 e0       	ldi	r25, 0x00	; 0
     d6e:	2b e2       	ldi	r18, 0x2B	; 43
     d70:	30 e0       	ldi	r19, 0x00	; 0
     d72:	f9 01       	movw	r30, r18
     d74:	20 81       	ld	r18, Z
     d76:	20 62       	ori	r18, 0x20	; 32
     d78:	fc 01       	movw	r30, r24
     d7a:	20 83       	st	Z, r18
     d7c:	09 c0       	rjmp	.+18     	; 0xd90 <LCD_writeSEG2+0x88>
     d7e:	8b e2       	ldi	r24, 0x2B	; 43
     d80:	90 e0       	ldi	r25, 0x00	; 0
     d82:	2b e2       	ldi	r18, 0x2B	; 43
     d84:	30 e0       	ldi	r19, 0x00	; 0
     d86:	f9 01       	movw	r30, r18
     d88:	20 81       	ld	r18, Z
     d8a:	2f 7d       	andi	r18, 0xDF	; 223
     d8c:	fc 01       	movw	r30, r24
     d8e:	20 83       	st	Z, r18
	(bcd1 == 1) ? (PORTD |= 1 << PORTD7) : (PORTD &= ~(1 << PORTD7));
     d90:	8a 81       	ldd	r24, Y+2	; 0x02
     d92:	81 30       	cpi	r24, 0x01	; 1
     d94:	51 f4       	brne	.+20     	; 0xdaa <LCD_writeSEG2+0xa2>
     d96:	8b e2       	ldi	r24, 0x2B	; 43
     d98:	90 e0       	ldi	r25, 0x00	; 0
     d9a:	2b e2       	ldi	r18, 0x2B	; 43
     d9c:	30 e0       	ldi	r19, 0x00	; 0
     d9e:	f9 01       	movw	r30, r18
     da0:	20 81       	ld	r18, Z
     da2:	20 68       	ori	r18, 0x80	; 128
     da4:	fc 01       	movw	r30, r24
     da6:	20 83       	st	Z, r18
     da8:	09 c0       	rjmp	.+18     	; 0xdbc <LCD_writeSEG2+0xb4>
     daa:	8b e2       	ldi	r24, 0x2B	; 43
     dac:	90 e0       	ldi	r25, 0x00	; 0
     dae:	2b e2       	ldi	r18, 0x2B	; 43
     db0:	30 e0       	ldi	r19, 0x00	; 0
     db2:	f9 01       	movw	r30, r18
     db4:	20 81       	ld	r18, Z
     db6:	2f 77       	andi	r18, 0x7F	; 127
     db8:	fc 01       	movw	r30, r24
     dba:	20 83       	st	Z, r18
	(bcd2 == 1) ? (PORTB |= 1 << PORTB0) : (PORTB &= ~(1 << PORTB0));
     dbc:	8b 81       	ldd	r24, Y+3	; 0x03
     dbe:	81 30       	cpi	r24, 0x01	; 1
     dc0:	51 f4       	brne	.+20     	; 0xdd6 <LCD_writeSEG2+0xce>
     dc2:	85 e2       	ldi	r24, 0x25	; 37
     dc4:	90 e0       	ldi	r25, 0x00	; 0
     dc6:	25 e2       	ldi	r18, 0x25	; 37
     dc8:	30 e0       	ldi	r19, 0x00	; 0
     dca:	f9 01       	movw	r30, r18
     dcc:	20 81       	ld	r18, Z
     dce:	21 60       	ori	r18, 0x01	; 1
     dd0:	fc 01       	movw	r30, r24
     dd2:	20 83       	st	Z, r18
     dd4:	09 c0       	rjmp	.+18     	; 0xde8 <LCD_writeSEG2+0xe0>
     dd6:	85 e2       	ldi	r24, 0x25	; 37
     dd8:	90 e0       	ldi	r25, 0x00	; 0
     dda:	25 e2       	ldi	r18, 0x25	; 37
     ddc:	30 e0       	ldi	r19, 0x00	; 0
     dde:	f9 01       	movw	r30, r18
     de0:	20 81       	ld	r18, Z
     de2:	2e 7f       	andi	r18, 0xFE	; 254
     de4:	fc 01       	movw	r30, r24
     de6:	20 83       	st	Z, r18
	(bcd3 == 1) ? (PORTD |= 1 << PORTD6) : (PORTD &= ~(1 << PORTD6));
     de8:	8c 81       	ldd	r24, Y+4	; 0x04
     dea:	81 30       	cpi	r24, 0x01	; 1
     dec:	51 f4       	brne	.+20     	; 0xe02 <LCD_writeSEG2+0xfa>
     dee:	8b e2       	ldi	r24, 0x2B	; 43
     df0:	90 e0       	ldi	r25, 0x00	; 0
     df2:	2b e2       	ldi	r18, 0x2B	; 43
     df4:	30 e0       	ldi	r19, 0x00	; 0
     df6:	f9 01       	movw	r30, r18
     df8:	20 81       	ld	r18, Z
     dfa:	20 64       	ori	r18, 0x40	; 64
     dfc:	fc 01       	movw	r30, r24
     dfe:	20 83       	st	Z, r18
}
     e00:	09 c0       	rjmp	.+18     	; 0xe14 <LCD_writeSEG2+0x10c>
	uint8_t bcd3 = (bcdIn & 8) >> 3;
	
	(bcd0 == 1) ? (PORTD |= 1 << PORTD5) : (PORTD &= ~(1 << PORTD5));
	(bcd1 == 1) ? (PORTD |= 1 << PORTD7) : (PORTD &= ~(1 << PORTD7));
	(bcd2 == 1) ? (PORTB |= 1 << PORTB0) : (PORTB &= ~(1 << PORTB0));
	(bcd3 == 1) ? (PORTD |= 1 << PORTD6) : (PORTD &= ~(1 << PORTD6));
     e02:	8b e2       	ldi	r24, 0x2B	; 43
     e04:	90 e0       	ldi	r25, 0x00	; 0
     e06:	2b e2       	ldi	r18, 0x2B	; 43
     e08:	30 e0       	ldi	r19, 0x00	; 0
     e0a:	f9 01       	movw	r30, r18
     e0c:	20 81       	ld	r18, Z
     e0e:	2f 7b       	andi	r18, 0xBF	; 191
     e10:	fc 01       	movw	r30, r24
     e12:	20 83       	st	Z, r18
}
     e14:	00 00       	nop
     e16:	0f 90       	pop	r0
     e18:	0f 90       	pop	r0
     e1a:	0f 90       	pop	r0
     e1c:	0f 90       	pop	r0
     e1e:	0f 90       	pop	r0
     e20:	df 91       	pop	r29
     e22:	cf 91       	pop	r28
     e24:	08 95       	ret

00000e26 <LCD_writeSEG3>:

void LCD_writeSEG3(uint8_t bcdIn)
{
     e26:	cf 93       	push	r28
     e28:	df 93       	push	r29
     e2a:	00 d0       	rcall	.+0      	; 0xe2c <LCD_writeSEG3+0x6>
     e2c:	00 d0       	rcall	.+0      	; 0xe2e <LCD_writeSEG3+0x8>
     e2e:	1f 92       	push	r1
     e30:	cd b7       	in	r28, 0x3d	; 61
     e32:	de b7       	in	r29, 0x3e	; 62
     e34:	8d 83       	std	Y+5, r24	; 0x05
	if (bcdIn > 9)
     e36:	8d 81       	ldd	r24, Y+5	; 0x05
     e38:	8a 30       	cpi	r24, 0x0A	; 10
     e3a:	10 f0       	brcs	.+4      	; 0xe40 <LCD_writeSEG3+0x1a>
	bcdIn = 9;
     e3c:	89 e0       	ldi	r24, 0x09	; 9
     e3e:	8d 83       	std	Y+5, r24	; 0x05
	
	uint8_t bcd0 = bcdIn & 1;
     e40:	8d 81       	ldd	r24, Y+5	; 0x05
     e42:	81 70       	andi	r24, 0x01	; 1
     e44:	89 83       	std	Y+1, r24	; 0x01
	uint8_t bcd1 = (bcdIn & 2) >> 1;
     e46:	8d 81       	ldd	r24, Y+5	; 0x05
     e48:	88 2f       	mov	r24, r24
     e4a:	90 e0       	ldi	r25, 0x00	; 0
     e4c:	82 70       	andi	r24, 0x02	; 2
     e4e:	99 27       	eor	r25, r25
     e50:	95 95       	asr	r25
     e52:	87 95       	ror	r24
     e54:	8a 83       	std	Y+2, r24	; 0x02
	uint8_t bcd2 = (bcdIn & 4) >> 2;
     e56:	8d 81       	ldd	r24, Y+5	; 0x05
     e58:	88 2f       	mov	r24, r24
     e5a:	90 e0       	ldi	r25, 0x00	; 0
     e5c:	84 70       	andi	r24, 0x04	; 4
     e5e:	99 27       	eor	r25, r25
     e60:	95 95       	asr	r25
     e62:	87 95       	ror	r24
     e64:	95 95       	asr	r25
     e66:	87 95       	ror	r24
     e68:	8b 83       	std	Y+3, r24	; 0x03
	uint8_t bcd3 = (bcdIn & 8) >> 3;
     e6a:	8d 81       	ldd	r24, Y+5	; 0x05
     e6c:	88 2f       	mov	r24, r24
     e6e:	90 e0       	ldi	r25, 0x00	; 0
     e70:	88 70       	andi	r24, 0x08	; 8
     e72:	99 27       	eor	r25, r25
     e74:	95 95       	asr	r25
     e76:	87 95       	ror	r24
     e78:	95 95       	asr	r25
     e7a:	87 95       	ror	r24
     e7c:	95 95       	asr	r25
     e7e:	87 95       	ror	r24
     e80:	8c 83       	std	Y+4, r24	; 0x04
	
	(bcd0 == 1) ? (PORTC |= 1 << PORTC0) : (PORTC &= ~(1 << PORTC0));
     e82:	89 81       	ldd	r24, Y+1	; 0x01
     e84:	81 30       	cpi	r24, 0x01	; 1
     e86:	51 f4       	brne	.+20     	; 0xe9c <LCD_writeSEG3+0x76>
     e88:	88 e2       	ldi	r24, 0x28	; 40
     e8a:	90 e0       	ldi	r25, 0x00	; 0
     e8c:	28 e2       	ldi	r18, 0x28	; 40
     e8e:	30 e0       	ldi	r19, 0x00	; 0
     e90:	f9 01       	movw	r30, r18
     e92:	20 81       	ld	r18, Z
     e94:	21 60       	ori	r18, 0x01	; 1
     e96:	fc 01       	movw	r30, r24
     e98:	20 83       	st	Z, r18
     e9a:	09 c0       	rjmp	.+18     	; 0xeae <LCD_writeSEG3+0x88>
     e9c:	88 e2       	ldi	r24, 0x28	; 40
     e9e:	90 e0       	ldi	r25, 0x00	; 0
     ea0:	28 e2       	ldi	r18, 0x28	; 40
     ea2:	30 e0       	ldi	r19, 0x00	; 0
     ea4:	f9 01       	movw	r30, r18
     ea6:	20 81       	ld	r18, Z
     ea8:	2e 7f       	andi	r18, 0xFE	; 254
     eaa:	fc 01       	movw	r30, r24
     eac:	20 83       	st	Z, r18
	(bcd1 == 1) ? (PORTC |= 1 << PORTC3) : (PORTC &= ~(1 << PORTC3));
     eae:	8a 81       	ldd	r24, Y+2	; 0x02
     eb0:	81 30       	cpi	r24, 0x01	; 1
     eb2:	51 f4       	brne	.+20     	; 0xec8 <LCD_writeSEG3+0xa2>
     eb4:	88 e2       	ldi	r24, 0x28	; 40
     eb6:	90 e0       	ldi	r25, 0x00	; 0
     eb8:	28 e2       	ldi	r18, 0x28	; 40
     eba:	30 e0       	ldi	r19, 0x00	; 0
     ebc:	f9 01       	movw	r30, r18
     ebe:	20 81       	ld	r18, Z
     ec0:	28 60       	ori	r18, 0x08	; 8
     ec2:	fc 01       	movw	r30, r24
     ec4:	20 83       	st	Z, r18
     ec6:	09 c0       	rjmp	.+18     	; 0xeda <LCD_writeSEG3+0xb4>
     ec8:	88 e2       	ldi	r24, 0x28	; 40
     eca:	90 e0       	ldi	r25, 0x00	; 0
     ecc:	28 e2       	ldi	r18, 0x28	; 40
     ece:	30 e0       	ldi	r19, 0x00	; 0
     ed0:	f9 01       	movw	r30, r18
     ed2:	20 81       	ld	r18, Z
     ed4:	27 7f       	andi	r18, 0xF7	; 247
     ed6:	fc 01       	movw	r30, r24
     ed8:	20 83       	st	Z, r18
	(bcd2 == 1) ? (PORTD |= 1 << PORTD1) : (PORTD &= ~(1 << PORTD1));
     eda:	8b 81       	ldd	r24, Y+3	; 0x03
     edc:	81 30       	cpi	r24, 0x01	; 1
     ede:	51 f4       	brne	.+20     	; 0xef4 <LCD_writeSEG3+0xce>
     ee0:	8b e2       	ldi	r24, 0x2B	; 43
     ee2:	90 e0       	ldi	r25, 0x00	; 0
     ee4:	2b e2       	ldi	r18, 0x2B	; 43
     ee6:	30 e0       	ldi	r19, 0x00	; 0
     ee8:	f9 01       	movw	r30, r18
     eea:	20 81       	ld	r18, Z
     eec:	22 60       	ori	r18, 0x02	; 2
     eee:	fc 01       	movw	r30, r24
     ef0:	20 83       	st	Z, r18
     ef2:	09 c0       	rjmp	.+18     	; 0xf06 <LCD_writeSEG3+0xe0>
     ef4:	8b e2       	ldi	r24, 0x2B	; 43
     ef6:	90 e0       	ldi	r25, 0x00	; 0
     ef8:	2b e2       	ldi	r18, 0x2B	; 43
     efa:	30 e0       	ldi	r19, 0x00	; 0
     efc:	f9 01       	movw	r30, r18
     efe:	20 81       	ld	r18, Z
     f00:	2d 7f       	andi	r18, 0xFD	; 253
     f02:	fc 01       	movw	r30, r24
     f04:	20 83       	st	Z, r18
	(bcd3 == 1) ? (PORTC |= 1 << PORTC2) : (PORTC &= ~(1 << PORTC2));
     f06:	8c 81       	ldd	r24, Y+4	; 0x04
     f08:	81 30       	cpi	r24, 0x01	; 1
     f0a:	51 f4       	brne	.+20     	; 0xf20 <LCD_writeSEG3+0xfa>
     f0c:	88 e2       	ldi	r24, 0x28	; 40
     f0e:	90 e0       	ldi	r25, 0x00	; 0
     f10:	28 e2       	ldi	r18, 0x28	; 40
     f12:	30 e0       	ldi	r19, 0x00	; 0
     f14:	f9 01       	movw	r30, r18
     f16:	20 81       	ld	r18, Z
     f18:	24 60       	ori	r18, 0x04	; 4
     f1a:	fc 01       	movw	r30, r24
     f1c:	20 83       	st	Z, r18
}
     f1e:	09 c0       	rjmp	.+18     	; 0xf32 <LCD_writeSEG3+0x10c>
	uint8_t bcd3 = (bcdIn & 8) >> 3;
	
	(bcd0 == 1) ? (PORTC |= 1 << PORTC0) : (PORTC &= ~(1 << PORTC0));
	(bcd1 == 1) ? (PORTC |= 1 << PORTC3) : (PORTC &= ~(1 << PORTC3));
	(bcd2 == 1) ? (PORTD |= 1 << PORTD1) : (PORTD &= ~(1 << PORTD1));
	(bcd3 == 1) ? (PORTC |= 1 << PORTC2) : (PORTC &= ~(1 << PORTC2));
     f20:	88 e2       	ldi	r24, 0x28	; 40
     f22:	90 e0       	ldi	r25, 0x00	; 0
     f24:	28 e2       	ldi	r18, 0x28	; 40
     f26:	30 e0       	ldi	r19, 0x00	; 0
     f28:	f9 01       	movw	r30, r18
     f2a:	20 81       	ld	r18, Z
     f2c:	2b 7f       	andi	r18, 0xFB	; 251
     f2e:	fc 01       	movw	r30, r24
     f30:	20 83       	st	Z, r18
}
     f32:	00 00       	nop
     f34:	0f 90       	pop	r0
     f36:	0f 90       	pop	r0
     f38:	0f 90       	pop	r0
     f3a:	0f 90       	pop	r0
     f3c:	0f 90       	pop	r0
     f3e:	df 91       	pop	r29
     f40:	cf 91       	pop	r28
     f42:	08 95       	ret

00000f44 <LCD_sleep_routine>:

void LCD_sleep_routine() {
     f44:	cf 93       	push	r28
     f46:	df 93       	push	r29
     f48:	cd b7       	in	r28, 0x3d	; 61
     f4a:	de b7       	in	r29, 0x3e	; 62
	DDRB &= ~((1 << PORTB1) | (1 << PORTB2) | (1 << PORTB3) | (1 << PORTB4) | (1 << PORTB0)); // SEG10, SEG13, SEG11, SEG12, SEG22
     f4c:	84 e2       	ldi	r24, 0x24	; 36
     f4e:	90 e0       	ldi	r25, 0x00	; 0
     f50:	24 e2       	ldi	r18, 0x24	; 36
     f52:	30 e0       	ldi	r19, 0x00	; 0
     f54:	f9 01       	movw	r30, r18
     f56:	20 81       	ld	r18, Z
     f58:	20 7e       	andi	r18, 0xE0	; 224
     f5a:	fc 01       	movw	r30, r24
     f5c:	20 83       	st	Z, r18
	DDRD &= ~((1 << PORTD5) | (1 << PORTD6) | (1 << PORTD7) | (1 << PORTD1)); // SEG20, SEG23, SEG21, SEG32
     f5e:	8a e2       	ldi	r24, 0x2A	; 42
     f60:	90 e0       	ldi	r25, 0x00	; 0
     f62:	2a e2       	ldi	r18, 0x2A	; 42
     f64:	30 e0       	ldi	r19, 0x00	; 0
     f66:	f9 01       	movw	r30, r18
     f68:	20 81       	ld	r18, Z
     f6a:	2d 71       	andi	r18, 0x1D	; 29
     f6c:	fc 01       	movw	r30, r24
     f6e:	20 83       	st	Z, r18
	DDRC &=	~((1 << PORTC0) | (1 << PORTC2) | (1 << PORTC3)); // SEG30, SEG33, SEG31
     f70:	87 e2       	ldi	r24, 0x27	; 39
     f72:	90 e0       	ldi	r25, 0x00	; 0
     f74:	27 e2       	ldi	r18, 0x27	; 39
     f76:	30 e0       	ldi	r19, 0x00	; 0
     f78:	f9 01       	movw	r30, r18
     f7a:	20 81       	ld	r18, Z
     f7c:	22 7f       	andi	r18, 0xF2	; 242
     f7e:	fc 01       	movw	r30, r24
     f80:	20 83       	st	Z, r18
	
	PORTB |= (1 << PORTB1);
     f82:	85 e2       	ldi	r24, 0x25	; 37
     f84:	90 e0       	ldi	r25, 0x00	; 0
     f86:	25 e2       	ldi	r18, 0x25	; 37
     f88:	30 e0       	ldi	r19, 0x00	; 0
     f8a:	f9 01       	movw	r30, r18
     f8c:	20 81       	ld	r18, Z
     f8e:	22 60       	ori	r18, 0x02	; 2
     f90:	fc 01       	movw	r30, r24
     f92:	20 83       	st	Z, r18
	PORTB |= (1 << PORTB3);
     f94:	85 e2       	ldi	r24, 0x25	; 37
     f96:	90 e0       	ldi	r25, 0x00	; 0
     f98:	25 e2       	ldi	r18, 0x25	; 37
     f9a:	30 e0       	ldi	r19, 0x00	; 0
     f9c:	f9 01       	movw	r30, r18
     f9e:	20 81       	ld	r18, Z
     fa0:	28 60       	ori	r18, 0x08	; 8
     fa2:	fc 01       	movw	r30, r24
     fa4:	20 83       	st	Z, r18
	PORTB |= (1 << PORTB4);
     fa6:	85 e2       	ldi	r24, 0x25	; 37
     fa8:	90 e0       	ldi	r25, 0x00	; 0
     faa:	25 e2       	ldi	r18, 0x25	; 37
     fac:	30 e0       	ldi	r19, 0x00	; 0
     fae:	f9 01       	movw	r30, r18
     fb0:	20 81       	ld	r18, Z
     fb2:	20 61       	ori	r18, 0x10	; 16
     fb4:	fc 01       	movw	r30, r24
     fb6:	20 83       	st	Z, r18
	PORTB |= (1 << PORTB2);
     fb8:	85 e2       	ldi	r24, 0x25	; 37
     fba:	90 e0       	ldi	r25, 0x00	; 0
     fbc:	25 e2       	ldi	r18, 0x25	; 37
     fbe:	30 e0       	ldi	r19, 0x00	; 0
     fc0:	f9 01       	movw	r30, r18
     fc2:	20 81       	ld	r18, Z
     fc4:	24 60       	ori	r18, 0x04	; 4
     fc6:	fc 01       	movw	r30, r24
     fc8:	20 83       	st	Z, r18

	PORTD |= (1 << PORTD5);
     fca:	8b e2       	ldi	r24, 0x2B	; 43
     fcc:	90 e0       	ldi	r25, 0x00	; 0
     fce:	2b e2       	ldi	r18, 0x2B	; 43
     fd0:	30 e0       	ldi	r19, 0x00	; 0
     fd2:	f9 01       	movw	r30, r18
     fd4:	20 81       	ld	r18, Z
     fd6:	20 62       	ori	r18, 0x20	; 32
     fd8:	fc 01       	movw	r30, r24
     fda:	20 83       	st	Z, r18
	PORTD |= (1 << PORTD7);
     fdc:	8b e2       	ldi	r24, 0x2B	; 43
     fde:	90 e0       	ldi	r25, 0x00	; 0
     fe0:	2b e2       	ldi	r18, 0x2B	; 43
     fe2:	30 e0       	ldi	r19, 0x00	; 0
     fe4:	f9 01       	movw	r30, r18
     fe6:	20 81       	ld	r18, Z
     fe8:	20 68       	ori	r18, 0x80	; 128
     fea:	fc 01       	movw	r30, r24
     fec:	20 83       	st	Z, r18
	PORTB |= (1 << PORTB0);
     fee:	85 e2       	ldi	r24, 0x25	; 37
     ff0:	90 e0       	ldi	r25, 0x00	; 0
     ff2:	25 e2       	ldi	r18, 0x25	; 37
     ff4:	30 e0       	ldi	r19, 0x00	; 0
     ff6:	f9 01       	movw	r30, r18
     ff8:	20 81       	ld	r18, Z
     ffa:	21 60       	ori	r18, 0x01	; 1
     ffc:	fc 01       	movw	r30, r24
     ffe:	20 83       	st	Z, r18
	PORTD |= (1 << PORTD6);
    1000:	8b e2       	ldi	r24, 0x2B	; 43
    1002:	90 e0       	ldi	r25, 0x00	; 0
    1004:	2b e2       	ldi	r18, 0x2B	; 43
    1006:	30 e0       	ldi	r19, 0x00	; 0
    1008:	f9 01       	movw	r30, r18
    100a:	20 81       	ld	r18, Z
    100c:	20 64       	ori	r18, 0x40	; 64
    100e:	fc 01       	movw	r30, r24
    1010:	20 83       	st	Z, r18

	PORTC |= (1 << PORTC0);
    1012:	88 e2       	ldi	r24, 0x28	; 40
    1014:	90 e0       	ldi	r25, 0x00	; 0
    1016:	28 e2       	ldi	r18, 0x28	; 40
    1018:	30 e0       	ldi	r19, 0x00	; 0
    101a:	f9 01       	movw	r30, r18
    101c:	20 81       	ld	r18, Z
    101e:	21 60       	ori	r18, 0x01	; 1
    1020:	fc 01       	movw	r30, r24
    1022:	20 83       	st	Z, r18
	PORTC |= (1 << PORTC3);
    1024:	88 e2       	ldi	r24, 0x28	; 40
    1026:	90 e0       	ldi	r25, 0x00	; 0
    1028:	28 e2       	ldi	r18, 0x28	; 40
    102a:	30 e0       	ldi	r19, 0x00	; 0
    102c:	f9 01       	movw	r30, r18
    102e:	20 81       	ld	r18, Z
    1030:	28 60       	ori	r18, 0x08	; 8
    1032:	fc 01       	movw	r30, r24
    1034:	20 83       	st	Z, r18
	PORTD |= (1 << PORTD1);
    1036:	8b e2       	ldi	r24, 0x2B	; 43
    1038:	90 e0       	ldi	r25, 0x00	; 0
    103a:	2b e2       	ldi	r18, 0x2B	; 43
    103c:	30 e0       	ldi	r19, 0x00	; 0
    103e:	f9 01       	movw	r30, r18
    1040:	20 81       	ld	r18, Z
    1042:	22 60       	ori	r18, 0x02	; 2
    1044:	fc 01       	movw	r30, r24
    1046:	20 83       	st	Z, r18
	PORTC |= (1 << PORTC2);
    1048:	88 e2       	ldi	r24, 0x28	; 40
    104a:	90 e0       	ldi	r25, 0x00	; 0
    104c:	28 e2       	ldi	r18, 0x28	; 40
    104e:	30 e0       	ldi	r19, 0x00	; 0
    1050:	f9 01       	movw	r30, r18
    1052:	20 81       	ld	r18, Z
    1054:	24 60       	ori	r18, 0x04	; 4
    1056:	fc 01       	movw	r30, r24
    1058:	20 83       	st	Z, r18
}
    105a:	00 00       	nop
    105c:	df 91       	pop	r29
    105e:	cf 91       	pop	r28
    1060:	08 95       	ret

00001062 <main>:
#include "ADC.h"
#include <avr/interrupt.h>
//#include <avr/sleep.h>

void main(void)
{
    1062:	cf 93       	push	r28
    1064:	df 93       	push	r29
    1066:	00 d0       	rcall	.+0      	; 0x1068 <main+0x6>
    1068:	cd b7       	in	r28, 0x3d	; 61
    106a:	de b7       	in	r29, 0x3e	; 62
	DDRE |= 1 << DDRE0;
    106c:	8d e2       	ldi	r24, 0x2D	; 45
    106e:	90 e0       	ldi	r25, 0x00	; 0
    1070:	2d e2       	ldi	r18, 0x2D	; 45
    1072:	30 e0       	ldi	r19, 0x00	; 0
    1074:	f9 01       	movw	r30, r18
    1076:	20 81       	ld	r18, Z
    1078:	21 60       	ori	r18, 0x01	; 1
    107a:	fc 01       	movw	r30, r24
    107c:	20 83       	st	Z, r18
	sei();
    107e:	78 94       	sei
	ADC_init();
    1080:	0e 94 fa 00 	call	0x1f4	; 0x1f4 <ADC_init>
	ADC_start();
    1084:	0e 94 1a 01 	call	0x234	; 0x234 <ADC_start>
	while(ADC_conversion_done == 0)
    1088:	02 c0       	rjmp	.+4      	; 0x108e <main+0x2c>
	MOS_off();
    108a:	0e 94 0c 0a 	call	0x1418	; 0x1418 <MOS_off>
{
	DDRE |= 1 << DDRE0;
	sei();
	ADC_init();
	ADC_start();
	while(ADC_conversion_done == 0)
    108e:	80 91 02 01 	lds	r24, 0x0102	; 0x800102 <__data_end>
    1092:	88 23       	and	r24, r24
    1094:	d1 f3       	breq	.-12     	; 0x108a <main+0x28>
	MOS_off();
	ADC_check_batt_voltage();
    1096:	0e 94 ad 01 	call	0x35a	; 0x35a <ADC_check_batt_voltage>
	if (batt_voltage_OK == 0) {
    109a:	80 91 03 01 	lds	r24, 0x0103	; 0x800103 <batt_voltage_OK>
    109e:	88 23       	and	r24, r24
    10a0:	19 f4       	brne	.+6      	; 0x10a8 <main+0x46>
		sleep_configure();
    10a2:	0e 94 a9 08 	call	0x1152	; 0x1152 <sleep_configure>
		SLEEP();
    10a6:	88 95       	sleep
	}
	PWM_init();
    10a8:	0e 94 32 09 	call	0x1264	; 0x1264 <PWM_init>
	timerInit();
    10ac:	0e 94 81 09 	call	0x1302	; 0x1302 <timerInit>
	configure_LCD_pins();
    10b0:	0e 94 b5 04 	call	0x96a	; 0x96a <configure_LCD_pins>
	I2C_init();
    10b4:	0e 94 fc 02 	call	0x5f8	; 0x5f8 <I2C_init>
	//UART_Init(38400);
	AS7331_configure_CMD();
    10b8:	0e 94 26 02 	call	0x44c	; 0x44c <AS7331_configure_CMD>
	program_state = 0;
    10bc:	10 92 00 01 	sts	0x0100, r1	; 0x800100 <__DATA_REGION_ORIGIN__>
	configure_rdy_pin();
    10c0:	0e 94 03 02 	call	0x406	; 0x406 <configure_rdy_pin>
	sleep_configure();
    10c4:	0e 94 a9 08 	call	0x1152	; 0x1152 <sleep_configure>
	timerDelay2(1000);
    10c8:	68 ee       	ldi	r22, 0xE8	; 232
    10ca:	73 e0       	ldi	r23, 0x03	; 3
    10cc:	80 e0       	ldi	r24, 0x00	; 0
    10ce:	90 e0       	ldi	r25, 0x00	; 0
    10d0:	0e 94 cd 09 	call	0x139a	; 0x139a <timerDelay2>
	sleep_routine();
    10d4:	0e 94 e7 08 	call	0x11ce	; 0x11ce <sleep_routine>
	uint16_t num = 666; 
    10d8:	8a e9       	ldi	r24, 0x9A	; 154
    10da:	92 e0       	ldi	r25, 0x02	; 2
    10dc:	9a 83       	std	Y+2, r25	; 0x02
    10de:	89 83       	std	Y+1, r24	; 0x01

    while (1) {
		//PORTE |= 1 << PORTE0;
		if (AS7331_start_flag == 1) {
    10e0:	80 91 07 01 	lds	r24, 0x0107	; 0x800107 <AS7331_start_flag>
    10e4:	81 30       	cpi	r24, 0x01	; 1
    10e6:	69 f4       	brne	.+26     	; 0x1102 <main+0xa0>
			AS7331_start_flag = 0;
    10e8:	10 92 07 01 	sts	0x0107, r1	; 0x800107 <AS7331_start_flag>
			AS7331_CMD_measurement_UVB();
    10ec:	0e 94 5e 02 	call	0x4bc	; 0x4bc <AS7331_CMD_measurement_UVB>
			PCICR |= (1<<PCIE1);						// ready interrupt enable
    10f0:	88 e6       	ldi	r24, 0x68	; 104
    10f2:	90 e0       	ldi	r25, 0x00	; 0
    10f4:	28 e6       	ldi	r18, 0x68	; 104
    10f6:	30 e0       	ldi	r19, 0x00	; 0
    10f8:	f9 01       	movw	r30, r18
    10fa:	20 81       	ld	r18, Z
    10fc:	22 60       	ori	r18, 0x02	; 2
    10fe:	fc 01       	movw	r30, r24
    1100:	20 83       	st	Z, r18
		}
		
		if (AS7331_ready_flag == 1)	{
    1102:	80 91 04 01 	lds	r24, 0x0104	; 0x800104 <AS7331_ready_flag>
    1106:	81 30       	cpi	r24, 0x01	; 1
    1108:	59 f7       	brne	.-42     	; 0x10e0 <main+0x7e>
			AS7331_ready_flag = 0;
    110a:	10 92 04 01 	sts	0x0104, r1	; 0x800104 <AS7331_ready_flag>
			AS7331_after_measurement_routine();
    110e:	0e 94 dc 02 	call	0x5b8	; 0x5b8 <AS7331_after_measurement_routine>
			timerDelay2(1000);
    1112:	68 ee       	ldi	r22, 0xE8	; 232
    1114:	73 e0       	ldi	r23, 0x03	; 3
    1116:	80 e0       	ldi	r24, 0x00	; 0
    1118:	90 e0       	ldi	r25, 0x00	; 0
    111a:	0e 94 cd 09 	call	0x139a	; 0x139a <timerDelay2>
			LCD_write(AS7331_get_UVB_from_measurement(AS7331_UVB_raw));
    111e:	80 91 05 01 	lds	r24, 0x0105	; 0x800105 <AS7331_UVB_raw>
    1122:	90 91 06 01 	lds	r25, 0x0106	; 0x800106 <AS7331_UVB_raw+0x1>
    1126:	0e 94 af 02 	call	0x55e	; 0x55e <AS7331_get_UVB_from_measurement>
    112a:	0e 94 b8 05 	call	0xb70	; 0xb70 <LCD_write>
			timerDelay2(1000000);
    112e:	60 e4       	ldi	r22, 0x40	; 64
    1130:	72 e4       	ldi	r23, 0x42	; 66
    1132:	8f e0       	ldi	r24, 0x0F	; 15
    1134:	90 e0       	ldi	r25, 0x00	; 0
    1136:	0e 94 cd 09 	call	0x139a	; 0x139a <timerDelay2>
			PORTE &= ~(1 << PORTE0);
    113a:	8e e2       	ldi	r24, 0x2E	; 46
    113c:	90 e0       	ldi	r25, 0x00	; 0
    113e:	2e e2       	ldi	r18, 0x2E	; 46
    1140:	30 e0       	ldi	r19, 0x00	; 0
    1142:	f9 01       	movw	r30, r18
    1144:	20 81       	ld	r18, Z
    1146:	2e 7f       	andi	r18, 0xFE	; 254
    1148:	fc 01       	movw	r30, r24
    114a:	20 83       	st	Z, r18
			//PORTE |= 1 << PORTE0;
			sleep_routine();
    114c:	0e 94 e7 08 	call	0x11ce	; 0x11ce <sleep_routine>
		}
		
    }
    1150:	c7 cf       	rjmp	.-114    	; 0x10e0 <main+0x7e>

00001152 <sleep_configure>:
	// mozna vypnout i BOD... Je mozny ze vypne uz pri 2.9V podle datasheetu, takze nutno ozkouset -- vypina se v bootloaderu
	
}

void sleep_configure()
{
    1152:	cf 93       	push	r28
    1154:	df 93       	push	r29
    1156:	cd b7       	in	r28, 0x3d	; 61
    1158:	de b7       	in	r29, 0x3e	; 62
	//sleep_bod_disable();				// Tahle funkce se bude hodit az vse pobezi na 3V
	SMCR |= (1 << SM1) | (1 << SE);		// power down mode
    115a:	83 e5       	ldi	r24, 0x53	; 83
    115c:	90 e0       	ldi	r25, 0x00	; 0
    115e:	23 e5       	ldi	r18, 0x53	; 83
    1160:	30 e0       	ldi	r19, 0x00	; 0
    1162:	f9 01       	movw	r30, r18
    1164:	20 81       	ld	r18, Z
    1166:	25 60       	ori	r18, 0x05	; 5
    1168:	fc 01       	movw	r30, r24
    116a:	20 83       	st	Z, r18
	PCICR &= ~(1<<PCIE1);
    116c:	88 e6       	ldi	r24, 0x68	; 104
    116e:	90 e0       	ldi	r25, 0x00	; 0
    1170:	28 e6       	ldi	r18, 0x68	; 104
    1172:	30 e0       	ldi	r19, 0x00	; 0
    1174:	f9 01       	movw	r30, r18
    1176:	20 81       	ld	r18, Z
    1178:	2d 7f       	andi	r18, 0xFD	; 253
    117a:	fc 01       	movw	r30, r24
    117c:	20 83       	st	Z, r18
	
	DDRD &= ~(1 << DDD2);
    117e:	8a e2       	ldi	r24, 0x2A	; 42
    1180:	90 e0       	ldi	r25, 0x00	; 0
    1182:	2a e2       	ldi	r18, 0x2A	; 42
    1184:	30 e0       	ldi	r19, 0x00	; 0
    1186:	f9 01       	movw	r30, r18
    1188:	20 81       	ld	r18, Z
    118a:	2b 7f       	andi	r18, 0xFB	; 251
    118c:	fc 01       	movw	r30, r24
    118e:	20 83       	st	Z, r18
	PORTD &= 1 << PORTD2;
    1190:	8b e2       	ldi	r24, 0x2B	; 43
    1192:	90 e0       	ldi	r25, 0x00	; 0
    1194:	2b e2       	ldi	r18, 0x2B	; 43
    1196:	30 e0       	ldi	r19, 0x00	; 0
    1198:	f9 01       	movw	r30, r18
    119a:	20 81       	ld	r18, Z
    119c:	24 70       	andi	r18, 0x04	; 4
    119e:	fc 01       	movw	r30, r24
    11a0:	20 83       	st	Z, r18
	
	EIMSK |= (1<<INT0);						// interrupt enable
    11a2:	8d e3       	ldi	r24, 0x3D	; 61
    11a4:	90 e0       	ldi	r25, 0x00	; 0
    11a6:	2d e3       	ldi	r18, 0x3D	; 61
    11a8:	30 e0       	ldi	r19, 0x00	; 0
    11aa:	f9 01       	movw	r30, r18
    11ac:	20 81       	ld	r18, Z
    11ae:	21 60       	ori	r18, 0x01	; 1
    11b0:	fc 01       	movw	r30, r24
    11b2:	20 83       	st	Z, r18
	EICRA |= (1<<ISC01);			// interrupt on rising edge of signal
    11b4:	89 e6       	ldi	r24, 0x69	; 105
    11b6:	90 e0       	ldi	r25, 0x00	; 0
    11b8:	29 e6       	ldi	r18, 0x69	; 105
    11ba:	30 e0       	ldi	r19, 0x00	; 0
    11bc:	f9 01       	movw	r30, r18
    11be:	20 81       	ld	r18, Z
    11c0:	22 60       	ori	r18, 0x02	; 2
    11c2:	fc 01       	movw	r30, r24
    11c4:	20 83       	st	Z, r18
}
    11c6:	00 00       	nop
    11c8:	df 91       	pop	r29
    11ca:	cf 91       	pop	r28
    11cc:	08 95       	ret

000011ce <sleep_routine>:

void sleep_routine() {
    11ce:	cf 93       	push	r28
    11d0:	df 93       	push	r29
    11d2:	1f 92       	push	r1
    11d4:	cd b7       	in	r28, 0x3d	; 61
    11d6:	de b7       	in	r29, 0x3e	; 62
	cli();
    11d8:	f8 94       	cli
	LCD_sleep_routine();
    11da:	0e 94 a2 07 	call	0xf44	; 0xf44 <LCD_sleep_routine>
	PWM_sleep_routine();
    11de:	0e 94 5e 09 	call	0x12bc	; 0x12bc <PWM_sleep_routine>
	//wdt_reset();
	//MCUSR &= ~(1<<WDRF);
	//WDTCSR |= (1<<WDCE) | (1<<WDE);
	//WDTCSR = 0x00;
	
	EIMSK |= (1<<INT0);
    11e2:	8d e3       	ldi	r24, 0x3D	; 61
    11e4:	90 e0       	ldi	r25, 0x00	; 0
    11e6:	2d e3       	ldi	r18, 0x3D	; 61
    11e8:	30 e0       	ldi	r19, 0x00	; 0
    11ea:	f9 01       	movw	r30, r18
    11ec:	20 81       	ld	r18, Z
    11ee:	21 60       	ori	r18, 0x01	; 1
    11f0:	fc 01       	movw	r30, r24
    11f2:	20 83       	st	Z, r18
	sei();
    11f4:	78 94       	sei
	sleep_enable();
    11f6:	83 e5       	ldi	r24, 0x53	; 83
    11f8:	90 e0       	ldi	r25, 0x00	; 0
    11fa:	23 e5       	ldi	r18, 0x53	; 83
    11fc:	30 e0       	ldi	r19, 0x00	; 0
    11fe:	f9 01       	movw	r30, r18
    1200:	20 81       	ld	r18, Z
    1202:	21 60       	ori	r18, 0x01	; 1
    1204:	fc 01       	movw	r30, r24
    1206:	20 83       	st	Z, r18
	sleep_bod_disable();
    1208:	85 b7       	in	r24, 0x35	; 53
    120a:	80 66       	ori	r24, 0x60	; 96
    120c:	85 bf       	out	0x35, r24	; 53
    120e:	8f 7d       	andi	r24, 0xDF	; 223
    1210:	85 bf       	out	0x35, r24	; 53
    1212:	89 83       	std	Y+1, r24	; 0x01
	SLEEP();
    1214:	88 95       	sleep
	wakeup_routine();
    1216:	0e 94 12 09 	call	0x1224	; 0x1224 <wakeup_routine>
}
    121a:	00 00       	nop
    121c:	0f 90       	pop	r0
    121e:	df 91       	pop	r29
    1220:	cf 91       	pop	r28
    1222:	08 95       	ret

00001224 <wakeup_routine>:

void wakeup_routine() {
    1224:	cf 93       	push	r28
    1226:	df 93       	push	r29
    1228:	cd b7       	in	r28, 0x3d	; 61
    122a:	de b7       	in	r29, 0x3e	; 62
	sleep_disable();
    122c:	83 e5       	ldi	r24, 0x53	; 83
    122e:	90 e0       	ldi	r25, 0x00	; 0
    1230:	23 e5       	ldi	r18, 0x53	; 83
    1232:	30 e0       	ldi	r19, 0x00	; 0
    1234:	f9 01       	movw	r30, r18
    1236:	20 81       	ld	r18, Z
    1238:	2e 7f       	andi	r18, 0xFE	; 254
    123a:	fc 01       	movw	r30, r24
    123c:	20 83       	st	Z, r18
	cli();
    123e:	f8 94       	cli
	//wdt_reset();
	//WDTCSR |= (1 << WDCE) | (1 << WDE);
	//WDTCSR = (1 << WDIE) | (1 << WDP2) | (1 << WDP1);
	EIMSK &= ~(1<<INT0);			// disable START button interrupt
    1240:	8d e3       	ldi	r24, 0x3D	; 61
    1242:	90 e0       	ldi	r25, 0x00	; 0
    1244:	2d e3       	ldi	r18, 0x3D	; 61
    1246:	30 e0       	ldi	r19, 0x00	; 0
    1248:	f9 01       	movw	r30, r18
    124a:	20 81       	ld	r18, Z
    124c:	2e 7f       	andi	r18, 0xFE	; 254
    124e:	fc 01       	movw	r30, r24
    1250:	20 83       	st	Z, r18
	PWM_init();
    1252:	0e 94 32 09 	call	0x1264	; 0x1264 <PWM_init>
	configure_LCD_pins();
    1256:	0e 94 b5 04 	call	0x96a	; 0x96a <configure_LCD_pins>
	sei();
    125a:	78 94       	sei
}
    125c:	00 00       	nop
    125e:	df 91       	pop	r29
    1260:	cf 91       	pop	r28
    1262:	08 95       	ret

00001264 <PWM_init>:
#include <stdint.h>
#include <stdio.h>
#include <avr/io.h>
#include "PWM.h"

void PWM_init() {
    1264:	cf 93       	push	r28
    1266:	df 93       	push	r29
    1268:	cd b7       	in	r28, 0x3d	; 61
    126a:	de b7       	in	r29, 0x3e	; 62
	// f_PWM = f_clk/(256*N) ... N=256/1024 (fclk=8/16Mhz) = 122/61Hz
	TCNT2 = 0;
    126c:	82 eb       	ldi	r24, 0xB2	; 178
    126e:	90 e0       	ldi	r25, 0x00	; 0
    1270:	fc 01       	movw	r30, r24
    1272:	10 82       	st	Z, r1
	DDRD |= (1 << PORTD3);	// set as output for PWM to function
    1274:	8a e2       	ldi	r24, 0x2A	; 42
    1276:	90 e0       	ldi	r25, 0x00	; 0
    1278:	2a e2       	ldi	r18, 0x2A	; 42
    127a:	30 e0       	ldi	r19, 0x00	; 0
    127c:	f9 01       	movw	r30, r18
    127e:	20 81       	ld	r18, Z
    1280:	28 60       	ori	r18, 0x08	; 8
    1282:	fc 01       	movw	r30, r24
    1284:	20 83       	st	Z, r18
	OCR2B = 127;
    1286:	84 eb       	ldi	r24, 0xB4	; 180
    1288:	90 e0       	ldi	r25, 0x00	; 0
    128a:	2f e7       	ldi	r18, 0x7F	; 127
    128c:	fc 01       	movw	r30, r24
    128e:	20 83       	st	Z, r18
	TCCR2A |= (1 << COM2B1)|(1 << WGM21)|(1 << WGM20);	// clear OC2B on compare match, set on bottom
    1290:	80 eb       	ldi	r24, 0xB0	; 176
    1292:	90 e0       	ldi	r25, 0x00	; 0
    1294:	20 eb       	ldi	r18, 0xB0	; 176
    1296:	30 e0       	ldi	r19, 0x00	; 0
    1298:	f9 01       	movw	r30, r18
    129a:	20 81       	ld	r18, Z
    129c:	23 62       	ori	r18, 0x23	; 35
    129e:	fc 01       	movw	r30, r24
    12a0:	20 83       	st	Z, r18
	TCCR2B |= (1 << CS22)|(1 << CS21);//|(1 << CS20);
    12a2:	81 eb       	ldi	r24, 0xB1	; 177
    12a4:	90 e0       	ldi	r25, 0x00	; 0
    12a6:	21 eb       	ldi	r18, 0xB1	; 177
    12a8:	30 e0       	ldi	r19, 0x00	; 0
    12aa:	f9 01       	movw	r30, r18
    12ac:	20 81       	ld	r18, Z
    12ae:	26 60       	ori	r18, 0x06	; 6
    12b0:	fc 01       	movw	r30, r24
    12b2:	20 83       	st	Z, r18
}
    12b4:	00 00       	nop
    12b6:	df 91       	pop	r29
    12b8:	cf 91       	pop	r28
    12ba:	08 95       	ret

000012bc <PWM_sleep_routine>:

void PWM_sleep_routine() {
    12bc:	cf 93       	push	r28
    12be:	df 93       	push	r29
    12c0:	cd b7       	in	r28, 0x3d	; 61
    12c2:	de b7       	in	r29, 0x3e	; 62
	TCCR2B &= ~((1 << CS22)|(1 << CS21));
    12c4:	81 eb       	ldi	r24, 0xB1	; 177
    12c6:	90 e0       	ldi	r25, 0x00	; 0
    12c8:	21 eb       	ldi	r18, 0xB1	; 177
    12ca:	30 e0       	ldi	r19, 0x00	; 0
    12cc:	f9 01       	movw	r30, r18
    12ce:	20 81       	ld	r18, Z
    12d0:	29 7f       	andi	r18, 0xF9	; 249
    12d2:	fc 01       	movw	r30, r24
    12d4:	20 83       	st	Z, r18
	DDRD &= ~(1 << PORTD3);
    12d6:	8a e2       	ldi	r24, 0x2A	; 42
    12d8:	90 e0       	ldi	r25, 0x00	; 0
    12da:	2a e2       	ldi	r18, 0x2A	; 42
    12dc:	30 e0       	ldi	r19, 0x00	; 0
    12de:	f9 01       	movw	r30, r18
    12e0:	20 81       	ld	r18, Z
    12e2:	27 7f       	andi	r18, 0xF7	; 247
    12e4:	fc 01       	movw	r30, r24
    12e6:	20 83       	st	Z, r18
	PORTD |= (1 << PORTD3);
    12e8:	8b e2       	ldi	r24, 0x2B	; 43
    12ea:	90 e0       	ldi	r25, 0x00	; 0
    12ec:	2b e2       	ldi	r18, 0x2B	; 43
    12ee:	30 e0       	ldi	r19, 0x00	; 0
    12f0:	f9 01       	movw	r30, r18
    12f2:	20 81       	ld	r18, Z
    12f4:	28 60       	ori	r18, 0x08	; 8
    12f6:	fc 01       	movw	r30, r24
    12f8:	20 83       	st	Z, r18
}
    12fa:	00 00       	nop
    12fc:	df 91       	pop	r29
    12fe:	cf 91       	pop	r28
    1300:	08 95       	ret

00001302 <timerInit>:
	}
}

//ukol3
void timerInit()
{
    1302:	cf 93       	push	r28
    1304:	df 93       	push	r29
    1306:	cd b7       	in	r28, 0x3d	; 61
    1308:	de b7       	in	r29, 0x3e	; 62
	TCNT1 = 0;
    130a:	84 e8       	ldi	r24, 0x84	; 132
    130c:	90 e0       	ldi	r25, 0x00	; 0
    130e:	fc 01       	movw	r30, r24
    1310:	11 82       	std	Z+1, r1	; 0x01
    1312:	10 82       	st	Z, r1
	TIFR1 = (1<<TOV1) | (1<<OCF1A);
    1314:	86 e3       	ldi	r24, 0x36	; 54
    1316:	90 e0       	ldi	r25, 0x00	; 0
    1318:	23 e0       	ldi	r18, 0x03	; 3
    131a:	fc 01       	movw	r30, r24
    131c:	20 83       	st	Z, r18
	TCCR1B = (1<<CS11);
    131e:	81 e8       	ldi	r24, 0x81	; 129
    1320:	90 e0       	ldi	r25, 0x00	; 0
    1322:	22 e0       	ldi	r18, 0x02	; 2
    1324:	fc 01       	movw	r30, r24
    1326:	20 83       	st	Z, r18
	sei();
    1328:	78 94       	sei
	TIMSK1 |= 1<<TOIE1;
    132a:	8f e6       	ldi	r24, 0x6F	; 111
    132c:	90 e0       	ldi	r25, 0x00	; 0
    132e:	2f e6       	ldi	r18, 0x6F	; 111
    1330:	30 e0       	ldi	r19, 0x00	; 0
    1332:	f9 01       	movw	r30, r18
    1334:	20 81       	ld	r18, Z
    1336:	21 60       	ori	r18, 0x01	; 1
    1338:	fc 01       	movw	r30, r24
    133a:	20 83       	st	Z, r18
}
    133c:	00 00       	nop
    133e:	df 91       	pop	r29
    1340:	cf 91       	pop	r28
    1342:	08 95       	ret

00001344 <getTime>:


uint32_t getTime()
{
    1344:	ef 92       	push	r14
    1346:	ff 92       	push	r15
    1348:	0f 93       	push	r16
    134a:	1f 93       	push	r17
    134c:	cf 93       	push	r28
    134e:	df 93       	push	r29
    1350:	cd b7       	in	r28, 0x3d	; 61
    1352:	de b7       	in	r29, 0x3e	; 62
	return ((uint32_t)TCNT1 + (uint32_t)timer1overflowCount*(0xFFFF));  // pro 16MHz clock -> ((uint32_t)TCNT1 + (uint32_t)timer1overflowCount*(0xFFFF))/2;
    1354:	84 e8       	ldi	r24, 0x84	; 132
    1356:	90 e0       	ldi	r25, 0x00	; 0
    1358:	fc 01       	movw	r30, r24
    135a:	80 81       	ld	r24, Z
    135c:	91 81       	ldd	r25, Z+1	; 0x01
    135e:	7c 01       	movw	r14, r24
    1360:	00 e0       	ldi	r16, 0x00	; 0
    1362:	10 e0       	ldi	r17, 0x00	; 0
    1364:	80 91 08 01 	lds	r24, 0x0108	; 0x800108 <timer1overflowCount>
    1368:	90 91 09 01 	lds	r25, 0x0109	; 0x800109 <timer1overflowCount+0x1>
    136c:	9c 01       	movw	r18, r24
    136e:	40 e0       	ldi	r20, 0x00	; 0
    1370:	50 e0       	ldi	r21, 0x00	; 0
    1372:	8f ef       	ldi	r24, 0xFF	; 255
    1374:	9f ef       	ldi	r25, 0xFF	; 255
    1376:	dc 01       	movw	r26, r24
    1378:	0e 94 61 0f 	call	0x1ec2	; 0x1ec2 <__muluhisi3>
    137c:	dc 01       	movw	r26, r24
    137e:	cb 01       	movw	r24, r22
    1380:	8e 0d       	add	r24, r14
    1382:	9f 1d       	adc	r25, r15
    1384:	a0 1f       	adc	r26, r16
    1386:	b1 1f       	adc	r27, r17
}
    1388:	bc 01       	movw	r22, r24
    138a:	cd 01       	movw	r24, r26
    138c:	df 91       	pop	r29
    138e:	cf 91       	pop	r28
    1390:	1f 91       	pop	r17
    1392:	0f 91       	pop	r16
    1394:	ff 90       	pop	r15
    1396:	ef 90       	pop	r14
    1398:	08 95       	ret

0000139a <timerDelay2>:

void timerDelay2(uint32_t us)
{
    139a:	ef 92       	push	r14
    139c:	ff 92       	push	r15
    139e:	0f 93       	push	r16
    13a0:	1f 93       	push	r17
    13a2:	cf 93       	push	r28
    13a4:	df 93       	push	r29
    13a6:	cd b7       	in	r28, 0x3d	; 61
    13a8:	de b7       	in	r29, 0x3e	; 62
    13aa:	28 97       	sbiw	r28, 0x08	; 8
    13ac:	0f b6       	in	r0, 0x3f	; 63
    13ae:	f8 94       	cli
    13b0:	de bf       	out	0x3e, r29	; 62
    13b2:	0f be       	out	0x3f, r0	; 63
    13b4:	cd bf       	out	0x3d, r28	; 61
    13b6:	6d 83       	std	Y+5, r22	; 0x05
    13b8:	7e 83       	std	Y+6, r23	; 0x06
    13ba:	8f 83       	std	Y+7, r24	; 0x07
    13bc:	98 87       	std	Y+8, r25	; 0x08
	uint32_t startTime = getTime();
    13be:	0e 94 a2 09 	call	0x1344	; 0x1344 <getTime>
    13c2:	dc 01       	movw	r26, r24
    13c4:	cb 01       	movw	r24, r22
    13c6:	89 83       	std	Y+1, r24	; 0x01
    13c8:	9a 83       	std	Y+2, r25	; 0x02
    13ca:	ab 83       	std	Y+3, r26	; 0x03
    13cc:	bc 83       	std	Y+4, r27	; 0x04

	while(getTime() < startTime + us)
    13ce:	01 c0       	rjmp	.+2      	; 0x13d2 <timerDelay2+0x38>
	{
		NOP();
    13d0:	00 00       	nop

void timerDelay2(uint32_t us)
{
	uint32_t startTime = getTime();

	while(getTime() < startTime + us)
    13d2:	0e 94 a2 09 	call	0x1344	; 0x1344 <getTime>
    13d6:	7b 01       	movw	r14, r22
    13d8:	8c 01       	movw	r16, r24
    13da:	29 81       	ldd	r18, Y+1	; 0x01
    13dc:	3a 81       	ldd	r19, Y+2	; 0x02
    13de:	4b 81       	ldd	r20, Y+3	; 0x03
    13e0:	5c 81       	ldd	r21, Y+4	; 0x04
    13e2:	8d 81       	ldd	r24, Y+5	; 0x05
    13e4:	9e 81       	ldd	r25, Y+6	; 0x06
    13e6:	af 81       	ldd	r26, Y+7	; 0x07
    13e8:	b8 85       	ldd	r27, Y+8	; 0x08
    13ea:	82 0f       	add	r24, r18
    13ec:	93 1f       	adc	r25, r19
    13ee:	a4 1f       	adc	r26, r20
    13f0:	b5 1f       	adc	r27, r21
    13f2:	e8 16       	cp	r14, r24
    13f4:	f9 06       	cpc	r15, r25
    13f6:	0a 07       	cpc	r16, r26
    13f8:	1b 07       	cpc	r17, r27
    13fa:	50 f3       	brcs	.-44     	; 0x13d0 <timerDelay2+0x36>
	{
		NOP();
	}
}
    13fc:	00 00       	nop
    13fe:	28 96       	adiw	r28, 0x08	; 8
    1400:	0f b6       	in	r0, 0x3f	; 63
    1402:	f8 94       	cli
    1404:	de bf       	out	0x3e, r29	; 62
    1406:	0f be       	out	0x3f, r0	; 63
    1408:	cd bf       	out	0x3d, r28	; 61
    140a:	df 91       	pop	r29
    140c:	cf 91       	pop	r28
    140e:	1f 91       	pop	r17
    1410:	0f 91       	pop	r16
    1412:	ff 90       	pop	r15
    1414:	ef 90       	pop	r14
    1416:	08 95       	ret

00001418 <MOS_off>:

void MOS_on() {
	PORTE |= (1 << PORTE2);
}

void MOS_off() {
    1418:	cf 93       	push	r28
    141a:	df 93       	push	r29
    141c:	cd b7       	in	r28, 0x3d	; 61
    141e:	de b7       	in	r29, 0x3e	; 62
	PORTE &= ~(1 << PORTE2);
    1420:	8e e2       	ldi	r24, 0x2E	; 46
    1422:	90 e0       	ldi	r25, 0x00	; 0
    1424:	2e e2       	ldi	r18, 0x2E	; 46
    1426:	30 e0       	ldi	r19, 0x00	; 0
    1428:	f9 01       	movw	r30, r18
    142a:	20 81       	ld	r18, Z
    142c:	2b 7f       	andi	r18, 0xFB	; 251
    142e:	fc 01       	movw	r30, r24
    1430:	20 83       	st	Z, r18
}
    1432:	00 00       	nop
    1434:	df 91       	pop	r29
    1436:	cf 91       	pop	r28
    1438:	08 95       	ret

0000143a <__cmpsf2>:
    143a:	0e 94 d1 0a 	call	0x15a2	; 0x15a2 <__fp_cmp>
    143e:	08 f4       	brcc	.+2      	; 0x1442 <__cmpsf2+0x8>
    1440:	81 e0       	ldi	r24, 0x01	; 1
    1442:	08 95       	ret

00001444 <__divsf3>:
    1444:	0e 94 36 0a 	call	0x146c	; 0x146c <__divsf3x>
    1448:	0c 94 0c 0b 	jmp	0x1618	; 0x1618 <__fp_round>
    144c:	0e 94 05 0b 	call	0x160a	; 0x160a <__fp_pscB>
    1450:	58 f0       	brcs	.+22     	; 0x1468 <__divsf3+0x24>
    1452:	0e 94 fe 0a 	call	0x15fc	; 0x15fc <__fp_pscA>
    1456:	40 f0       	brcs	.+16     	; 0x1468 <__divsf3+0x24>
    1458:	29 f4       	brne	.+10     	; 0x1464 <__divsf3+0x20>
    145a:	5f 3f       	cpi	r21, 0xFF	; 255
    145c:	29 f0       	breq	.+10     	; 0x1468 <__divsf3+0x24>
    145e:	0c 94 f5 0a 	jmp	0x15ea	; 0x15ea <__fp_inf>
    1462:	51 11       	cpse	r21, r1
    1464:	0c 94 40 0b 	jmp	0x1680	; 0x1680 <__fp_szero>
    1468:	0c 94 fb 0a 	jmp	0x15f6	; 0x15f6 <__fp_nan>

0000146c <__divsf3x>:
    146c:	0e 94 1d 0b 	call	0x163a	; 0x163a <__fp_split3>
    1470:	68 f3       	brcs	.-38     	; 0x144c <__divsf3+0x8>

00001472 <__divsf3_pse>:
    1472:	99 23       	and	r25, r25
    1474:	b1 f3       	breq	.-20     	; 0x1462 <__divsf3+0x1e>
    1476:	55 23       	and	r21, r21
    1478:	91 f3       	breq	.-28     	; 0x145e <__divsf3+0x1a>
    147a:	95 1b       	sub	r25, r21
    147c:	55 0b       	sbc	r21, r21
    147e:	bb 27       	eor	r27, r27
    1480:	aa 27       	eor	r26, r26
    1482:	62 17       	cp	r22, r18
    1484:	73 07       	cpc	r23, r19
    1486:	84 07       	cpc	r24, r20
    1488:	38 f0       	brcs	.+14     	; 0x1498 <__divsf3_pse+0x26>
    148a:	9f 5f       	subi	r25, 0xFF	; 255
    148c:	5f 4f       	sbci	r21, 0xFF	; 255
    148e:	22 0f       	add	r18, r18
    1490:	33 1f       	adc	r19, r19
    1492:	44 1f       	adc	r20, r20
    1494:	aa 1f       	adc	r26, r26
    1496:	a9 f3       	breq	.-22     	; 0x1482 <__divsf3_pse+0x10>
    1498:	35 d0       	rcall	.+106    	; 0x1504 <__divsf3_pse+0x92>
    149a:	0e 2e       	mov	r0, r30
    149c:	3a f0       	brmi	.+14     	; 0x14ac <__divsf3_pse+0x3a>
    149e:	e0 e8       	ldi	r30, 0x80	; 128
    14a0:	32 d0       	rcall	.+100    	; 0x1506 <__divsf3_pse+0x94>
    14a2:	91 50       	subi	r25, 0x01	; 1
    14a4:	50 40       	sbci	r21, 0x00	; 0
    14a6:	e6 95       	lsr	r30
    14a8:	00 1c       	adc	r0, r0
    14aa:	ca f7       	brpl	.-14     	; 0x149e <__divsf3_pse+0x2c>
    14ac:	2b d0       	rcall	.+86     	; 0x1504 <__divsf3_pse+0x92>
    14ae:	fe 2f       	mov	r31, r30
    14b0:	29 d0       	rcall	.+82     	; 0x1504 <__divsf3_pse+0x92>
    14b2:	66 0f       	add	r22, r22
    14b4:	77 1f       	adc	r23, r23
    14b6:	88 1f       	adc	r24, r24
    14b8:	bb 1f       	adc	r27, r27
    14ba:	26 17       	cp	r18, r22
    14bc:	37 07       	cpc	r19, r23
    14be:	48 07       	cpc	r20, r24
    14c0:	ab 07       	cpc	r26, r27
    14c2:	b0 e8       	ldi	r27, 0x80	; 128
    14c4:	09 f0       	breq	.+2      	; 0x14c8 <__divsf3_pse+0x56>
    14c6:	bb 0b       	sbc	r27, r27
    14c8:	80 2d       	mov	r24, r0
    14ca:	bf 01       	movw	r22, r30
    14cc:	ff 27       	eor	r31, r31
    14ce:	93 58       	subi	r25, 0x83	; 131
    14d0:	5f 4f       	sbci	r21, 0xFF	; 255
    14d2:	3a f0       	brmi	.+14     	; 0x14e2 <__divsf3_pse+0x70>
    14d4:	9e 3f       	cpi	r25, 0xFE	; 254
    14d6:	51 05       	cpc	r21, r1
    14d8:	78 f0       	brcs	.+30     	; 0x14f8 <__divsf3_pse+0x86>
    14da:	0c 94 f5 0a 	jmp	0x15ea	; 0x15ea <__fp_inf>
    14de:	0c 94 40 0b 	jmp	0x1680	; 0x1680 <__fp_szero>
    14e2:	5f 3f       	cpi	r21, 0xFF	; 255
    14e4:	e4 f3       	brlt	.-8      	; 0x14de <__divsf3_pse+0x6c>
    14e6:	98 3e       	cpi	r25, 0xE8	; 232
    14e8:	d4 f3       	brlt	.-12     	; 0x14de <__divsf3_pse+0x6c>
    14ea:	86 95       	lsr	r24
    14ec:	77 95       	ror	r23
    14ee:	67 95       	ror	r22
    14f0:	b7 95       	ror	r27
    14f2:	f7 95       	ror	r31
    14f4:	9f 5f       	subi	r25, 0xFF	; 255
    14f6:	c9 f7       	brne	.-14     	; 0x14ea <__divsf3_pse+0x78>
    14f8:	88 0f       	add	r24, r24
    14fa:	91 1d       	adc	r25, r1
    14fc:	96 95       	lsr	r25
    14fe:	87 95       	ror	r24
    1500:	97 f9       	bld	r25, 7
    1502:	08 95       	ret
    1504:	e1 e0       	ldi	r30, 0x01	; 1
    1506:	66 0f       	add	r22, r22
    1508:	77 1f       	adc	r23, r23
    150a:	88 1f       	adc	r24, r24
    150c:	bb 1f       	adc	r27, r27
    150e:	62 17       	cp	r22, r18
    1510:	73 07       	cpc	r23, r19
    1512:	84 07       	cpc	r24, r20
    1514:	ba 07       	cpc	r27, r26
    1516:	20 f0       	brcs	.+8      	; 0x1520 <__divsf3_pse+0xae>
    1518:	62 1b       	sub	r22, r18
    151a:	73 0b       	sbc	r23, r19
    151c:	84 0b       	sbc	r24, r20
    151e:	ba 0b       	sbc	r27, r26
    1520:	ee 1f       	adc	r30, r30
    1522:	88 f7       	brcc	.-30     	; 0x1506 <__divsf3_pse+0x94>
    1524:	e0 95       	com	r30
    1526:	08 95       	ret

00001528 <__floatunsisf>:
    1528:	e8 94       	clt
    152a:	09 c0       	rjmp	.+18     	; 0x153e <__floatsisf+0x12>

0000152c <__floatsisf>:
    152c:	97 fb       	bst	r25, 7
    152e:	3e f4       	brtc	.+14     	; 0x153e <__floatsisf+0x12>
    1530:	90 95       	com	r25
    1532:	80 95       	com	r24
    1534:	70 95       	com	r23
    1536:	61 95       	neg	r22
    1538:	7f 4f       	sbci	r23, 0xFF	; 255
    153a:	8f 4f       	sbci	r24, 0xFF	; 255
    153c:	9f 4f       	sbci	r25, 0xFF	; 255
    153e:	99 23       	and	r25, r25
    1540:	a9 f0       	breq	.+42     	; 0x156c <__floatsisf+0x40>
    1542:	f9 2f       	mov	r31, r25
    1544:	96 e9       	ldi	r25, 0x96	; 150
    1546:	bb 27       	eor	r27, r27
    1548:	93 95       	inc	r25
    154a:	f6 95       	lsr	r31
    154c:	87 95       	ror	r24
    154e:	77 95       	ror	r23
    1550:	67 95       	ror	r22
    1552:	b7 95       	ror	r27
    1554:	f1 11       	cpse	r31, r1
    1556:	f8 cf       	rjmp	.-16     	; 0x1548 <__floatsisf+0x1c>
    1558:	fa f4       	brpl	.+62     	; 0x1598 <__floatsisf+0x6c>
    155a:	bb 0f       	add	r27, r27
    155c:	11 f4       	brne	.+4      	; 0x1562 <__floatsisf+0x36>
    155e:	60 ff       	sbrs	r22, 0
    1560:	1b c0       	rjmp	.+54     	; 0x1598 <__floatsisf+0x6c>
    1562:	6f 5f       	subi	r22, 0xFF	; 255
    1564:	7f 4f       	sbci	r23, 0xFF	; 255
    1566:	8f 4f       	sbci	r24, 0xFF	; 255
    1568:	9f 4f       	sbci	r25, 0xFF	; 255
    156a:	16 c0       	rjmp	.+44     	; 0x1598 <__floatsisf+0x6c>
    156c:	88 23       	and	r24, r24
    156e:	11 f0       	breq	.+4      	; 0x1574 <__floatsisf+0x48>
    1570:	96 e9       	ldi	r25, 0x96	; 150
    1572:	11 c0       	rjmp	.+34     	; 0x1596 <__floatsisf+0x6a>
    1574:	77 23       	and	r23, r23
    1576:	21 f0       	breq	.+8      	; 0x1580 <__floatsisf+0x54>
    1578:	9e e8       	ldi	r25, 0x8E	; 142
    157a:	87 2f       	mov	r24, r23
    157c:	76 2f       	mov	r23, r22
    157e:	05 c0       	rjmp	.+10     	; 0x158a <__floatsisf+0x5e>
    1580:	66 23       	and	r22, r22
    1582:	71 f0       	breq	.+28     	; 0x15a0 <__floatsisf+0x74>
    1584:	96 e8       	ldi	r25, 0x86	; 134
    1586:	86 2f       	mov	r24, r22
    1588:	70 e0       	ldi	r23, 0x00	; 0
    158a:	60 e0       	ldi	r22, 0x00	; 0
    158c:	2a f0       	brmi	.+10     	; 0x1598 <__floatsisf+0x6c>
    158e:	9a 95       	dec	r25
    1590:	66 0f       	add	r22, r22
    1592:	77 1f       	adc	r23, r23
    1594:	88 1f       	adc	r24, r24
    1596:	da f7       	brpl	.-10     	; 0x158e <__floatsisf+0x62>
    1598:	88 0f       	add	r24, r24
    159a:	96 95       	lsr	r25
    159c:	87 95       	ror	r24
    159e:	97 f9       	bld	r25, 7
    15a0:	08 95       	ret

000015a2 <__fp_cmp>:
    15a2:	99 0f       	add	r25, r25
    15a4:	00 08       	sbc	r0, r0
    15a6:	55 0f       	add	r21, r21
    15a8:	aa 0b       	sbc	r26, r26
    15aa:	e0 e8       	ldi	r30, 0x80	; 128
    15ac:	fe ef       	ldi	r31, 0xFE	; 254
    15ae:	16 16       	cp	r1, r22
    15b0:	17 06       	cpc	r1, r23
    15b2:	e8 07       	cpc	r30, r24
    15b4:	f9 07       	cpc	r31, r25
    15b6:	c0 f0       	brcs	.+48     	; 0x15e8 <__fp_cmp+0x46>
    15b8:	12 16       	cp	r1, r18
    15ba:	13 06       	cpc	r1, r19
    15bc:	e4 07       	cpc	r30, r20
    15be:	f5 07       	cpc	r31, r21
    15c0:	98 f0       	brcs	.+38     	; 0x15e8 <__fp_cmp+0x46>
    15c2:	62 1b       	sub	r22, r18
    15c4:	73 0b       	sbc	r23, r19
    15c6:	84 0b       	sbc	r24, r20
    15c8:	95 0b       	sbc	r25, r21
    15ca:	39 f4       	brne	.+14     	; 0x15da <__fp_cmp+0x38>
    15cc:	0a 26       	eor	r0, r26
    15ce:	61 f0       	breq	.+24     	; 0x15e8 <__fp_cmp+0x46>
    15d0:	23 2b       	or	r18, r19
    15d2:	24 2b       	or	r18, r20
    15d4:	25 2b       	or	r18, r21
    15d6:	21 f4       	brne	.+8      	; 0x15e0 <__fp_cmp+0x3e>
    15d8:	08 95       	ret
    15da:	0a 26       	eor	r0, r26
    15dc:	09 f4       	brne	.+2      	; 0x15e0 <__fp_cmp+0x3e>
    15de:	a1 40       	sbci	r26, 0x01	; 1
    15e0:	a6 95       	lsr	r26
    15e2:	8f ef       	ldi	r24, 0xFF	; 255
    15e4:	81 1d       	adc	r24, r1
    15e6:	81 1d       	adc	r24, r1
    15e8:	08 95       	ret

000015ea <__fp_inf>:
    15ea:	97 f9       	bld	r25, 7
    15ec:	9f 67       	ori	r25, 0x7F	; 127
    15ee:	80 e8       	ldi	r24, 0x80	; 128
    15f0:	70 e0       	ldi	r23, 0x00	; 0
    15f2:	60 e0       	ldi	r22, 0x00	; 0
    15f4:	08 95       	ret

000015f6 <__fp_nan>:
    15f6:	9f ef       	ldi	r25, 0xFF	; 255
    15f8:	80 ec       	ldi	r24, 0xC0	; 192
    15fa:	08 95       	ret

000015fc <__fp_pscA>:
    15fc:	00 24       	eor	r0, r0
    15fe:	0a 94       	dec	r0
    1600:	16 16       	cp	r1, r22
    1602:	17 06       	cpc	r1, r23
    1604:	18 06       	cpc	r1, r24
    1606:	09 06       	cpc	r0, r25
    1608:	08 95       	ret

0000160a <__fp_pscB>:
    160a:	00 24       	eor	r0, r0
    160c:	0a 94       	dec	r0
    160e:	12 16       	cp	r1, r18
    1610:	13 06       	cpc	r1, r19
    1612:	14 06       	cpc	r1, r20
    1614:	05 06       	cpc	r0, r21
    1616:	08 95       	ret

00001618 <__fp_round>:
    1618:	09 2e       	mov	r0, r25
    161a:	03 94       	inc	r0
    161c:	00 0c       	add	r0, r0
    161e:	11 f4       	brne	.+4      	; 0x1624 <__fp_round+0xc>
    1620:	88 23       	and	r24, r24
    1622:	52 f0       	brmi	.+20     	; 0x1638 <__fp_round+0x20>
    1624:	bb 0f       	add	r27, r27
    1626:	40 f4       	brcc	.+16     	; 0x1638 <__fp_round+0x20>
    1628:	bf 2b       	or	r27, r31
    162a:	11 f4       	brne	.+4      	; 0x1630 <__fp_round+0x18>
    162c:	60 ff       	sbrs	r22, 0
    162e:	04 c0       	rjmp	.+8      	; 0x1638 <__fp_round+0x20>
    1630:	6f 5f       	subi	r22, 0xFF	; 255
    1632:	7f 4f       	sbci	r23, 0xFF	; 255
    1634:	8f 4f       	sbci	r24, 0xFF	; 255
    1636:	9f 4f       	sbci	r25, 0xFF	; 255
    1638:	08 95       	ret

0000163a <__fp_split3>:
    163a:	57 fd       	sbrc	r21, 7
    163c:	90 58       	subi	r25, 0x80	; 128
    163e:	44 0f       	add	r20, r20
    1640:	55 1f       	adc	r21, r21
    1642:	59 f0       	breq	.+22     	; 0x165a <__fp_splitA+0x10>
    1644:	5f 3f       	cpi	r21, 0xFF	; 255
    1646:	71 f0       	breq	.+28     	; 0x1664 <__fp_splitA+0x1a>
    1648:	47 95       	ror	r20

0000164a <__fp_splitA>:
    164a:	88 0f       	add	r24, r24
    164c:	97 fb       	bst	r25, 7
    164e:	99 1f       	adc	r25, r25
    1650:	61 f0       	breq	.+24     	; 0x166a <__fp_splitA+0x20>
    1652:	9f 3f       	cpi	r25, 0xFF	; 255
    1654:	79 f0       	breq	.+30     	; 0x1674 <__fp_splitA+0x2a>
    1656:	87 95       	ror	r24
    1658:	08 95       	ret
    165a:	12 16       	cp	r1, r18
    165c:	13 06       	cpc	r1, r19
    165e:	14 06       	cpc	r1, r20
    1660:	55 1f       	adc	r21, r21
    1662:	f2 cf       	rjmp	.-28     	; 0x1648 <__fp_split3+0xe>
    1664:	46 95       	lsr	r20
    1666:	f1 df       	rcall	.-30     	; 0x164a <__fp_splitA>
    1668:	08 c0       	rjmp	.+16     	; 0x167a <__fp_splitA+0x30>
    166a:	16 16       	cp	r1, r22
    166c:	17 06       	cpc	r1, r23
    166e:	18 06       	cpc	r1, r24
    1670:	99 1f       	adc	r25, r25
    1672:	f1 cf       	rjmp	.-30     	; 0x1656 <__fp_splitA+0xc>
    1674:	86 95       	lsr	r24
    1676:	71 05       	cpc	r23, r1
    1678:	61 05       	cpc	r22, r1
    167a:	08 94       	sec
    167c:	08 95       	ret

0000167e <__fp_zero>:
    167e:	e8 94       	clt

00001680 <__fp_szero>:
    1680:	bb 27       	eor	r27, r27
    1682:	66 27       	eor	r22, r22
    1684:	77 27       	eor	r23, r23
    1686:	cb 01       	movw	r24, r22
    1688:	97 f9       	bld	r25, 7
    168a:	08 95       	ret

0000168c <__mulsf3>:
    168c:	0e 94 59 0b 	call	0x16b2	; 0x16b2 <__mulsf3x>
    1690:	0c 94 0c 0b 	jmp	0x1618	; 0x1618 <__fp_round>
    1694:	0e 94 fe 0a 	call	0x15fc	; 0x15fc <__fp_pscA>
    1698:	38 f0       	brcs	.+14     	; 0x16a8 <__mulsf3+0x1c>
    169a:	0e 94 05 0b 	call	0x160a	; 0x160a <__fp_pscB>
    169e:	20 f0       	brcs	.+8      	; 0x16a8 <__mulsf3+0x1c>
    16a0:	95 23       	and	r25, r21
    16a2:	11 f0       	breq	.+4      	; 0x16a8 <__mulsf3+0x1c>
    16a4:	0c 94 f5 0a 	jmp	0x15ea	; 0x15ea <__fp_inf>
    16a8:	0c 94 fb 0a 	jmp	0x15f6	; 0x15f6 <__fp_nan>
    16ac:	11 24       	eor	r1, r1
    16ae:	0c 94 40 0b 	jmp	0x1680	; 0x1680 <__fp_szero>

000016b2 <__mulsf3x>:
    16b2:	0e 94 1d 0b 	call	0x163a	; 0x163a <__fp_split3>
    16b6:	70 f3       	brcs	.-36     	; 0x1694 <__mulsf3+0x8>

000016b8 <__mulsf3_pse>:
    16b8:	95 9f       	mul	r25, r21
    16ba:	c1 f3       	breq	.-16     	; 0x16ac <__mulsf3+0x20>
    16bc:	95 0f       	add	r25, r21
    16be:	50 e0       	ldi	r21, 0x00	; 0
    16c0:	55 1f       	adc	r21, r21
    16c2:	62 9f       	mul	r22, r18
    16c4:	f0 01       	movw	r30, r0
    16c6:	72 9f       	mul	r23, r18
    16c8:	bb 27       	eor	r27, r27
    16ca:	f0 0d       	add	r31, r0
    16cc:	b1 1d       	adc	r27, r1
    16ce:	63 9f       	mul	r22, r19
    16d0:	aa 27       	eor	r26, r26
    16d2:	f0 0d       	add	r31, r0
    16d4:	b1 1d       	adc	r27, r1
    16d6:	aa 1f       	adc	r26, r26
    16d8:	64 9f       	mul	r22, r20
    16da:	66 27       	eor	r22, r22
    16dc:	b0 0d       	add	r27, r0
    16de:	a1 1d       	adc	r26, r1
    16e0:	66 1f       	adc	r22, r22
    16e2:	82 9f       	mul	r24, r18
    16e4:	22 27       	eor	r18, r18
    16e6:	b0 0d       	add	r27, r0
    16e8:	a1 1d       	adc	r26, r1
    16ea:	62 1f       	adc	r22, r18
    16ec:	73 9f       	mul	r23, r19
    16ee:	b0 0d       	add	r27, r0
    16f0:	a1 1d       	adc	r26, r1
    16f2:	62 1f       	adc	r22, r18
    16f4:	83 9f       	mul	r24, r19
    16f6:	a0 0d       	add	r26, r0
    16f8:	61 1d       	adc	r22, r1
    16fa:	22 1f       	adc	r18, r18
    16fc:	74 9f       	mul	r23, r20
    16fe:	33 27       	eor	r19, r19
    1700:	a0 0d       	add	r26, r0
    1702:	61 1d       	adc	r22, r1
    1704:	23 1f       	adc	r18, r19
    1706:	84 9f       	mul	r24, r20
    1708:	60 0d       	add	r22, r0
    170a:	21 1d       	adc	r18, r1
    170c:	82 2f       	mov	r24, r18
    170e:	76 2f       	mov	r23, r22
    1710:	6a 2f       	mov	r22, r26
    1712:	11 24       	eor	r1, r1
    1714:	9f 57       	subi	r25, 0x7F	; 127
    1716:	50 40       	sbci	r21, 0x00	; 0
    1718:	9a f0       	brmi	.+38     	; 0x1740 <__mulsf3_pse+0x88>
    171a:	f1 f0       	breq	.+60     	; 0x1758 <__mulsf3_pse+0xa0>
    171c:	88 23       	and	r24, r24
    171e:	4a f0       	brmi	.+18     	; 0x1732 <__mulsf3_pse+0x7a>
    1720:	ee 0f       	add	r30, r30
    1722:	ff 1f       	adc	r31, r31
    1724:	bb 1f       	adc	r27, r27
    1726:	66 1f       	adc	r22, r22
    1728:	77 1f       	adc	r23, r23
    172a:	88 1f       	adc	r24, r24
    172c:	91 50       	subi	r25, 0x01	; 1
    172e:	50 40       	sbci	r21, 0x00	; 0
    1730:	a9 f7       	brne	.-22     	; 0x171c <__mulsf3_pse+0x64>
    1732:	9e 3f       	cpi	r25, 0xFE	; 254
    1734:	51 05       	cpc	r21, r1
    1736:	80 f0       	brcs	.+32     	; 0x1758 <__mulsf3_pse+0xa0>
    1738:	0c 94 f5 0a 	jmp	0x15ea	; 0x15ea <__fp_inf>
    173c:	0c 94 40 0b 	jmp	0x1680	; 0x1680 <__fp_szero>
    1740:	5f 3f       	cpi	r21, 0xFF	; 255
    1742:	e4 f3       	brlt	.-8      	; 0x173c <__mulsf3_pse+0x84>
    1744:	98 3e       	cpi	r25, 0xE8	; 232
    1746:	d4 f3       	brlt	.-12     	; 0x173c <__mulsf3_pse+0x84>
    1748:	86 95       	lsr	r24
    174a:	77 95       	ror	r23
    174c:	67 95       	ror	r22
    174e:	b7 95       	ror	r27
    1750:	f7 95       	ror	r31
    1752:	e7 95       	ror	r30
    1754:	9f 5f       	subi	r25, 0xFF	; 255
    1756:	c1 f7       	brne	.-16     	; 0x1748 <__mulsf3_pse+0x90>
    1758:	fe 2b       	or	r31, r30
    175a:	88 0f       	add	r24, r24
    175c:	91 1d       	adc	r25, r1
    175e:	96 95       	lsr	r25
    1760:	87 95       	ror	r24
    1762:	97 f9       	bld	r25, 7
    1764:	08 95       	ret

00001766 <vfprintf>:
    1766:	a0 e1       	ldi	r26, 0x10	; 16
    1768:	b0 e0       	ldi	r27, 0x00	; 0
    176a:	e9 eb       	ldi	r30, 0xB9	; 185
    176c:	fb e0       	ldi	r31, 0x0B	; 11
    176e:	0c 94 6c 0f 	jmp	0x1ed8	; 0x1ed8 <__prologue_saves__>
    1772:	7c 01       	movw	r14, r24
    1774:	1b 01       	movw	r2, r22
    1776:	6a 01       	movw	r12, r20
    1778:	fc 01       	movw	r30, r24
    177a:	17 82       	std	Z+7, r1	; 0x07
    177c:	16 82       	std	Z+6, r1	; 0x06
    177e:	83 81       	ldd	r24, Z+3	; 0x03
    1780:	81 ff       	sbrs	r24, 1
    1782:	44 c3       	rjmp	.+1672   	; 0x1e0c <vfprintf+0x6a6>
    1784:	9e 01       	movw	r18, r28
    1786:	2f 5f       	subi	r18, 0xFF	; 255
    1788:	3f 4f       	sbci	r19, 0xFF	; 255
    178a:	39 01       	movw	r6, r18
    178c:	f7 01       	movw	r30, r14
    178e:	93 81       	ldd	r25, Z+3	; 0x03
    1790:	f1 01       	movw	r30, r2
    1792:	93 fd       	sbrc	r25, 3
    1794:	85 91       	lpm	r24, Z+
    1796:	93 ff       	sbrs	r25, 3
    1798:	81 91       	ld	r24, Z+
    179a:	1f 01       	movw	r2, r30
    179c:	88 23       	and	r24, r24
    179e:	09 f4       	brne	.+2      	; 0x17a2 <vfprintf+0x3c>
    17a0:	31 c3       	rjmp	.+1634   	; 0x1e04 <vfprintf+0x69e>
    17a2:	85 32       	cpi	r24, 0x25	; 37
    17a4:	39 f4       	brne	.+14     	; 0x17b4 <vfprintf+0x4e>
    17a6:	93 fd       	sbrc	r25, 3
    17a8:	85 91       	lpm	r24, Z+
    17aa:	93 ff       	sbrs	r25, 3
    17ac:	81 91       	ld	r24, Z+
    17ae:	1f 01       	movw	r2, r30
    17b0:	85 32       	cpi	r24, 0x25	; 37
    17b2:	39 f4       	brne	.+14     	; 0x17c2 <vfprintf+0x5c>
    17b4:	b7 01       	movw	r22, r14
    17b6:	90 e0       	ldi	r25, 0x00	; 0
    17b8:	0e 94 91 10 	call	0x2122	; 0x2122 <fputc>
    17bc:	56 01       	movw	r10, r12
    17be:	65 01       	movw	r12, r10
    17c0:	e5 cf       	rjmp	.-54     	; 0x178c <vfprintf+0x26>
    17c2:	10 e0       	ldi	r17, 0x00	; 0
    17c4:	51 2c       	mov	r5, r1
    17c6:	91 2c       	mov	r9, r1
    17c8:	ff e1       	ldi	r31, 0x1F	; 31
    17ca:	f9 15       	cp	r31, r9
    17cc:	d8 f0       	brcs	.+54     	; 0x1804 <vfprintf+0x9e>
    17ce:	8b 32       	cpi	r24, 0x2B	; 43
    17d0:	79 f0       	breq	.+30     	; 0x17f0 <vfprintf+0x8a>
    17d2:	38 f4       	brcc	.+14     	; 0x17e2 <vfprintf+0x7c>
    17d4:	80 32       	cpi	r24, 0x20	; 32
    17d6:	79 f0       	breq	.+30     	; 0x17f6 <vfprintf+0x90>
    17d8:	83 32       	cpi	r24, 0x23	; 35
    17da:	a1 f4       	brne	.+40     	; 0x1804 <vfprintf+0x9e>
    17dc:	f9 2d       	mov	r31, r9
    17de:	f0 61       	ori	r31, 0x10	; 16
    17e0:	2e c0       	rjmp	.+92     	; 0x183e <vfprintf+0xd8>
    17e2:	8d 32       	cpi	r24, 0x2D	; 45
    17e4:	61 f0       	breq	.+24     	; 0x17fe <vfprintf+0x98>
    17e6:	80 33       	cpi	r24, 0x30	; 48
    17e8:	69 f4       	brne	.+26     	; 0x1804 <vfprintf+0x9e>
    17ea:	29 2d       	mov	r18, r9
    17ec:	21 60       	ori	r18, 0x01	; 1
    17ee:	2d c0       	rjmp	.+90     	; 0x184a <vfprintf+0xe4>
    17f0:	39 2d       	mov	r19, r9
    17f2:	32 60       	ori	r19, 0x02	; 2
    17f4:	93 2e       	mov	r9, r19
    17f6:	89 2d       	mov	r24, r9
    17f8:	84 60       	ori	r24, 0x04	; 4
    17fa:	98 2e       	mov	r9, r24
    17fc:	2a c0       	rjmp	.+84     	; 0x1852 <vfprintf+0xec>
    17fe:	e9 2d       	mov	r30, r9
    1800:	e8 60       	ori	r30, 0x08	; 8
    1802:	15 c0       	rjmp	.+42     	; 0x182e <vfprintf+0xc8>
    1804:	97 fc       	sbrc	r9, 7
    1806:	2d c0       	rjmp	.+90     	; 0x1862 <vfprintf+0xfc>
    1808:	20 ed       	ldi	r18, 0xD0	; 208
    180a:	28 0f       	add	r18, r24
    180c:	2a 30       	cpi	r18, 0x0A	; 10
    180e:	88 f4       	brcc	.+34     	; 0x1832 <vfprintf+0xcc>
    1810:	96 fe       	sbrs	r9, 6
    1812:	06 c0       	rjmp	.+12     	; 0x1820 <vfprintf+0xba>
    1814:	3a e0       	ldi	r19, 0x0A	; 10
    1816:	13 9f       	mul	r17, r19
    1818:	20 0d       	add	r18, r0
    181a:	11 24       	eor	r1, r1
    181c:	12 2f       	mov	r17, r18
    181e:	19 c0       	rjmp	.+50     	; 0x1852 <vfprintf+0xec>
    1820:	8a e0       	ldi	r24, 0x0A	; 10
    1822:	58 9e       	mul	r5, r24
    1824:	20 0d       	add	r18, r0
    1826:	11 24       	eor	r1, r1
    1828:	52 2e       	mov	r5, r18
    182a:	e9 2d       	mov	r30, r9
    182c:	e0 62       	ori	r30, 0x20	; 32
    182e:	9e 2e       	mov	r9, r30
    1830:	10 c0       	rjmp	.+32     	; 0x1852 <vfprintf+0xec>
    1832:	8e 32       	cpi	r24, 0x2E	; 46
    1834:	31 f4       	brne	.+12     	; 0x1842 <vfprintf+0xdc>
    1836:	96 fc       	sbrc	r9, 6
    1838:	e5 c2       	rjmp	.+1482   	; 0x1e04 <vfprintf+0x69e>
    183a:	f9 2d       	mov	r31, r9
    183c:	f0 64       	ori	r31, 0x40	; 64
    183e:	9f 2e       	mov	r9, r31
    1840:	08 c0       	rjmp	.+16     	; 0x1852 <vfprintf+0xec>
    1842:	8c 36       	cpi	r24, 0x6C	; 108
    1844:	21 f4       	brne	.+8      	; 0x184e <vfprintf+0xe8>
    1846:	29 2d       	mov	r18, r9
    1848:	20 68       	ori	r18, 0x80	; 128
    184a:	92 2e       	mov	r9, r18
    184c:	02 c0       	rjmp	.+4      	; 0x1852 <vfprintf+0xec>
    184e:	88 36       	cpi	r24, 0x68	; 104
    1850:	41 f4       	brne	.+16     	; 0x1862 <vfprintf+0xfc>
    1852:	f1 01       	movw	r30, r2
    1854:	93 fd       	sbrc	r25, 3
    1856:	85 91       	lpm	r24, Z+
    1858:	93 ff       	sbrs	r25, 3
    185a:	81 91       	ld	r24, Z+
    185c:	1f 01       	movw	r2, r30
    185e:	81 11       	cpse	r24, r1
    1860:	b3 cf       	rjmp	.-154    	; 0x17c8 <vfprintf+0x62>
    1862:	9b eb       	ldi	r25, 0xBB	; 187
    1864:	98 0f       	add	r25, r24
    1866:	93 30       	cpi	r25, 0x03	; 3
    1868:	20 f4       	brcc	.+8      	; 0x1872 <vfprintf+0x10c>
    186a:	99 2d       	mov	r25, r9
    186c:	90 61       	ori	r25, 0x10	; 16
    186e:	80 5e       	subi	r24, 0xE0	; 224
    1870:	07 c0       	rjmp	.+14     	; 0x1880 <vfprintf+0x11a>
    1872:	9b e9       	ldi	r25, 0x9B	; 155
    1874:	98 0f       	add	r25, r24
    1876:	93 30       	cpi	r25, 0x03	; 3
    1878:	08 f0       	brcs	.+2      	; 0x187c <vfprintf+0x116>
    187a:	66 c1       	rjmp	.+716    	; 0x1b48 <vfprintf+0x3e2>
    187c:	99 2d       	mov	r25, r9
    187e:	9f 7e       	andi	r25, 0xEF	; 239
    1880:	96 ff       	sbrs	r25, 6
    1882:	16 e0       	ldi	r17, 0x06	; 6
    1884:	9f 73       	andi	r25, 0x3F	; 63
    1886:	99 2e       	mov	r9, r25
    1888:	85 36       	cpi	r24, 0x65	; 101
    188a:	19 f4       	brne	.+6      	; 0x1892 <vfprintf+0x12c>
    188c:	90 64       	ori	r25, 0x40	; 64
    188e:	99 2e       	mov	r9, r25
    1890:	08 c0       	rjmp	.+16     	; 0x18a2 <vfprintf+0x13c>
    1892:	86 36       	cpi	r24, 0x66	; 102
    1894:	21 f4       	brne	.+8      	; 0x189e <vfprintf+0x138>
    1896:	39 2f       	mov	r19, r25
    1898:	30 68       	ori	r19, 0x80	; 128
    189a:	93 2e       	mov	r9, r19
    189c:	02 c0       	rjmp	.+4      	; 0x18a2 <vfprintf+0x13c>
    189e:	11 11       	cpse	r17, r1
    18a0:	11 50       	subi	r17, 0x01	; 1
    18a2:	97 fe       	sbrs	r9, 7
    18a4:	07 c0       	rjmp	.+14     	; 0x18b4 <vfprintf+0x14e>
    18a6:	1c 33       	cpi	r17, 0x3C	; 60
    18a8:	50 f4       	brcc	.+20     	; 0x18be <vfprintf+0x158>
    18aa:	44 24       	eor	r4, r4
    18ac:	43 94       	inc	r4
    18ae:	41 0e       	add	r4, r17
    18b0:	27 e0       	ldi	r18, 0x07	; 7
    18b2:	0b c0       	rjmp	.+22     	; 0x18ca <vfprintf+0x164>
    18b4:	18 30       	cpi	r17, 0x08	; 8
    18b6:	38 f0       	brcs	.+14     	; 0x18c6 <vfprintf+0x160>
    18b8:	27 e0       	ldi	r18, 0x07	; 7
    18ba:	17 e0       	ldi	r17, 0x07	; 7
    18bc:	05 c0       	rjmp	.+10     	; 0x18c8 <vfprintf+0x162>
    18be:	27 e0       	ldi	r18, 0x07	; 7
    18c0:	9c e3       	ldi	r25, 0x3C	; 60
    18c2:	49 2e       	mov	r4, r25
    18c4:	02 c0       	rjmp	.+4      	; 0x18ca <vfprintf+0x164>
    18c6:	21 2f       	mov	r18, r17
    18c8:	41 2c       	mov	r4, r1
    18ca:	56 01       	movw	r10, r12
    18cc:	84 e0       	ldi	r24, 0x04	; 4
    18ce:	a8 0e       	add	r10, r24
    18d0:	b1 1c       	adc	r11, r1
    18d2:	f6 01       	movw	r30, r12
    18d4:	60 81       	ld	r22, Z
    18d6:	71 81       	ldd	r23, Z+1	; 0x01
    18d8:	82 81       	ldd	r24, Z+2	; 0x02
    18da:	93 81       	ldd	r25, Z+3	; 0x03
    18dc:	04 2d       	mov	r16, r4
    18de:	a3 01       	movw	r20, r6
    18e0:	0e 94 a3 0f 	call	0x1f46	; 0x1f46 <__ftoa_engine>
    18e4:	6c 01       	movw	r12, r24
    18e6:	f9 81       	ldd	r31, Y+1	; 0x01
    18e8:	fc 87       	std	Y+12, r31	; 0x0c
    18ea:	f0 ff       	sbrs	r31, 0
    18ec:	02 c0       	rjmp	.+4      	; 0x18f2 <vfprintf+0x18c>
    18ee:	f3 ff       	sbrs	r31, 3
    18f0:	06 c0       	rjmp	.+12     	; 0x18fe <vfprintf+0x198>
    18f2:	91 fc       	sbrc	r9, 1
    18f4:	06 c0       	rjmp	.+12     	; 0x1902 <vfprintf+0x19c>
    18f6:	92 fe       	sbrs	r9, 2
    18f8:	06 c0       	rjmp	.+12     	; 0x1906 <vfprintf+0x1a0>
    18fa:	00 e2       	ldi	r16, 0x20	; 32
    18fc:	05 c0       	rjmp	.+10     	; 0x1908 <vfprintf+0x1a2>
    18fe:	0d e2       	ldi	r16, 0x2D	; 45
    1900:	03 c0       	rjmp	.+6      	; 0x1908 <vfprintf+0x1a2>
    1902:	0b e2       	ldi	r16, 0x2B	; 43
    1904:	01 c0       	rjmp	.+2      	; 0x1908 <vfprintf+0x1a2>
    1906:	00 e0       	ldi	r16, 0x00	; 0
    1908:	8c 85       	ldd	r24, Y+12	; 0x0c
    190a:	8c 70       	andi	r24, 0x0C	; 12
    190c:	19 f0       	breq	.+6      	; 0x1914 <vfprintf+0x1ae>
    190e:	01 11       	cpse	r16, r1
    1910:	5a c2       	rjmp	.+1204   	; 0x1dc6 <vfprintf+0x660>
    1912:	9b c2       	rjmp	.+1334   	; 0x1e4a <vfprintf+0x6e4>
    1914:	97 fe       	sbrs	r9, 7
    1916:	10 c0       	rjmp	.+32     	; 0x1938 <vfprintf+0x1d2>
    1918:	4c 0c       	add	r4, r12
    191a:	fc 85       	ldd	r31, Y+12	; 0x0c
    191c:	f4 ff       	sbrs	r31, 4
    191e:	04 c0       	rjmp	.+8      	; 0x1928 <vfprintf+0x1c2>
    1920:	8a 81       	ldd	r24, Y+2	; 0x02
    1922:	81 33       	cpi	r24, 0x31	; 49
    1924:	09 f4       	brne	.+2      	; 0x1928 <vfprintf+0x1c2>
    1926:	4a 94       	dec	r4
    1928:	14 14       	cp	r1, r4
    192a:	74 f5       	brge	.+92     	; 0x1988 <vfprintf+0x222>
    192c:	28 e0       	ldi	r18, 0x08	; 8
    192e:	24 15       	cp	r18, r4
    1930:	78 f5       	brcc	.+94     	; 0x1990 <vfprintf+0x22a>
    1932:	88 e0       	ldi	r24, 0x08	; 8
    1934:	48 2e       	mov	r4, r24
    1936:	2c c0       	rjmp	.+88     	; 0x1990 <vfprintf+0x22a>
    1938:	96 fc       	sbrc	r9, 6
    193a:	2a c0       	rjmp	.+84     	; 0x1990 <vfprintf+0x22a>
    193c:	81 2f       	mov	r24, r17
    193e:	90 e0       	ldi	r25, 0x00	; 0
    1940:	8c 15       	cp	r24, r12
    1942:	9d 05       	cpc	r25, r13
    1944:	9c f0       	brlt	.+38     	; 0x196c <vfprintf+0x206>
    1946:	3c ef       	ldi	r19, 0xFC	; 252
    1948:	c3 16       	cp	r12, r19
    194a:	3f ef       	ldi	r19, 0xFF	; 255
    194c:	d3 06       	cpc	r13, r19
    194e:	74 f0       	brlt	.+28     	; 0x196c <vfprintf+0x206>
    1950:	89 2d       	mov	r24, r9
    1952:	80 68       	ori	r24, 0x80	; 128
    1954:	98 2e       	mov	r9, r24
    1956:	0a c0       	rjmp	.+20     	; 0x196c <vfprintf+0x206>
    1958:	e2 e0       	ldi	r30, 0x02	; 2
    195a:	f0 e0       	ldi	r31, 0x00	; 0
    195c:	ec 0f       	add	r30, r28
    195e:	fd 1f       	adc	r31, r29
    1960:	e1 0f       	add	r30, r17
    1962:	f1 1d       	adc	r31, r1
    1964:	80 81       	ld	r24, Z
    1966:	80 33       	cpi	r24, 0x30	; 48
    1968:	19 f4       	brne	.+6      	; 0x1970 <vfprintf+0x20a>
    196a:	11 50       	subi	r17, 0x01	; 1
    196c:	11 11       	cpse	r17, r1
    196e:	f4 cf       	rjmp	.-24     	; 0x1958 <vfprintf+0x1f2>
    1970:	97 fe       	sbrs	r9, 7
    1972:	0e c0       	rjmp	.+28     	; 0x1990 <vfprintf+0x22a>
    1974:	44 24       	eor	r4, r4
    1976:	43 94       	inc	r4
    1978:	41 0e       	add	r4, r17
    197a:	81 2f       	mov	r24, r17
    197c:	90 e0       	ldi	r25, 0x00	; 0
    197e:	c8 16       	cp	r12, r24
    1980:	d9 06       	cpc	r13, r25
    1982:	2c f4       	brge	.+10     	; 0x198e <vfprintf+0x228>
    1984:	1c 19       	sub	r17, r12
    1986:	04 c0       	rjmp	.+8      	; 0x1990 <vfprintf+0x22a>
    1988:	44 24       	eor	r4, r4
    198a:	43 94       	inc	r4
    198c:	01 c0       	rjmp	.+2      	; 0x1990 <vfprintf+0x22a>
    198e:	10 e0       	ldi	r17, 0x00	; 0
    1990:	97 fe       	sbrs	r9, 7
    1992:	06 c0       	rjmp	.+12     	; 0x19a0 <vfprintf+0x23a>
    1994:	1c 14       	cp	r1, r12
    1996:	1d 04       	cpc	r1, r13
    1998:	34 f4       	brge	.+12     	; 0x19a6 <vfprintf+0x240>
    199a:	c6 01       	movw	r24, r12
    199c:	01 96       	adiw	r24, 0x01	; 1
    199e:	05 c0       	rjmp	.+10     	; 0x19aa <vfprintf+0x244>
    19a0:	85 e0       	ldi	r24, 0x05	; 5
    19a2:	90 e0       	ldi	r25, 0x00	; 0
    19a4:	02 c0       	rjmp	.+4      	; 0x19aa <vfprintf+0x244>
    19a6:	81 e0       	ldi	r24, 0x01	; 1
    19a8:	90 e0       	ldi	r25, 0x00	; 0
    19aa:	01 11       	cpse	r16, r1
    19ac:	01 96       	adiw	r24, 0x01	; 1
    19ae:	11 23       	and	r17, r17
    19b0:	31 f0       	breq	.+12     	; 0x19be <vfprintf+0x258>
    19b2:	21 2f       	mov	r18, r17
    19b4:	30 e0       	ldi	r19, 0x00	; 0
    19b6:	2f 5f       	subi	r18, 0xFF	; 255
    19b8:	3f 4f       	sbci	r19, 0xFF	; 255
    19ba:	82 0f       	add	r24, r18
    19bc:	93 1f       	adc	r25, r19
    19be:	25 2d       	mov	r18, r5
    19c0:	30 e0       	ldi	r19, 0x00	; 0
    19c2:	82 17       	cp	r24, r18
    19c4:	93 07       	cpc	r25, r19
    19c6:	14 f4       	brge	.+4      	; 0x19cc <vfprintf+0x266>
    19c8:	58 1a       	sub	r5, r24
    19ca:	01 c0       	rjmp	.+2      	; 0x19ce <vfprintf+0x268>
    19cc:	51 2c       	mov	r5, r1
    19ce:	89 2d       	mov	r24, r9
    19d0:	89 70       	andi	r24, 0x09	; 9
    19d2:	49 f4       	brne	.+18     	; 0x19e6 <vfprintf+0x280>
    19d4:	55 20       	and	r5, r5
    19d6:	39 f0       	breq	.+14     	; 0x19e6 <vfprintf+0x280>
    19d8:	b7 01       	movw	r22, r14
    19da:	80 e2       	ldi	r24, 0x20	; 32
    19dc:	90 e0       	ldi	r25, 0x00	; 0
    19de:	0e 94 91 10 	call	0x2122	; 0x2122 <fputc>
    19e2:	5a 94       	dec	r5
    19e4:	f7 cf       	rjmp	.-18     	; 0x19d4 <vfprintf+0x26e>
    19e6:	00 23       	and	r16, r16
    19e8:	29 f0       	breq	.+10     	; 0x19f4 <vfprintf+0x28e>
    19ea:	b7 01       	movw	r22, r14
    19ec:	80 2f       	mov	r24, r16
    19ee:	90 e0       	ldi	r25, 0x00	; 0
    19f0:	0e 94 91 10 	call	0x2122	; 0x2122 <fputc>
    19f4:	93 fc       	sbrc	r9, 3
    19f6:	09 c0       	rjmp	.+18     	; 0x1a0a <vfprintf+0x2a4>
    19f8:	55 20       	and	r5, r5
    19fa:	39 f0       	breq	.+14     	; 0x1a0a <vfprintf+0x2a4>
    19fc:	b7 01       	movw	r22, r14
    19fe:	80 e3       	ldi	r24, 0x30	; 48
    1a00:	90 e0       	ldi	r25, 0x00	; 0
    1a02:	0e 94 91 10 	call	0x2122	; 0x2122 <fputc>
    1a06:	5a 94       	dec	r5
    1a08:	f7 cf       	rjmp	.-18     	; 0x19f8 <vfprintf+0x292>
    1a0a:	97 fe       	sbrs	r9, 7
    1a0c:	4c c0       	rjmp	.+152    	; 0x1aa6 <vfprintf+0x340>
    1a0e:	46 01       	movw	r8, r12
    1a10:	d7 fe       	sbrs	r13, 7
    1a12:	02 c0       	rjmp	.+4      	; 0x1a18 <vfprintf+0x2b2>
    1a14:	81 2c       	mov	r8, r1
    1a16:	91 2c       	mov	r9, r1
    1a18:	c6 01       	movw	r24, r12
    1a1a:	88 19       	sub	r24, r8
    1a1c:	99 09       	sbc	r25, r9
    1a1e:	f3 01       	movw	r30, r6
    1a20:	e8 0f       	add	r30, r24
    1a22:	f9 1f       	adc	r31, r25
    1a24:	fe 87       	std	Y+14, r31	; 0x0e
    1a26:	ed 87       	std	Y+13, r30	; 0x0d
    1a28:	96 01       	movw	r18, r12
    1a2a:	24 19       	sub	r18, r4
    1a2c:	31 09       	sbc	r19, r1
    1a2e:	38 8b       	std	Y+16, r19	; 0x10
    1a30:	2f 87       	std	Y+15, r18	; 0x0f
    1a32:	01 2f       	mov	r16, r17
    1a34:	10 e0       	ldi	r17, 0x00	; 0
    1a36:	11 95       	neg	r17
    1a38:	01 95       	neg	r16
    1a3a:	11 09       	sbc	r17, r1
    1a3c:	3f ef       	ldi	r19, 0xFF	; 255
    1a3e:	83 16       	cp	r8, r19
    1a40:	93 06       	cpc	r9, r19
    1a42:	29 f4       	brne	.+10     	; 0x1a4e <vfprintf+0x2e8>
    1a44:	b7 01       	movw	r22, r14
    1a46:	8e e2       	ldi	r24, 0x2E	; 46
    1a48:	90 e0       	ldi	r25, 0x00	; 0
    1a4a:	0e 94 91 10 	call	0x2122	; 0x2122 <fputc>
    1a4e:	c8 14       	cp	r12, r8
    1a50:	d9 04       	cpc	r13, r9
    1a52:	4c f0       	brlt	.+18     	; 0x1a66 <vfprintf+0x300>
    1a54:	8f 85       	ldd	r24, Y+15	; 0x0f
    1a56:	98 89       	ldd	r25, Y+16	; 0x10
    1a58:	88 15       	cp	r24, r8
    1a5a:	99 05       	cpc	r25, r9
    1a5c:	24 f4       	brge	.+8      	; 0x1a66 <vfprintf+0x300>
    1a5e:	ed 85       	ldd	r30, Y+13	; 0x0d
    1a60:	fe 85       	ldd	r31, Y+14	; 0x0e
    1a62:	81 81       	ldd	r24, Z+1	; 0x01
    1a64:	01 c0       	rjmp	.+2      	; 0x1a68 <vfprintf+0x302>
    1a66:	80 e3       	ldi	r24, 0x30	; 48
    1a68:	f1 e0       	ldi	r31, 0x01	; 1
    1a6a:	8f 1a       	sub	r8, r31
    1a6c:	91 08       	sbc	r9, r1
    1a6e:	2d 85       	ldd	r18, Y+13	; 0x0d
    1a70:	3e 85       	ldd	r19, Y+14	; 0x0e
    1a72:	2f 5f       	subi	r18, 0xFF	; 255
    1a74:	3f 4f       	sbci	r19, 0xFF	; 255
    1a76:	3e 87       	std	Y+14, r19	; 0x0e
    1a78:	2d 87       	std	Y+13, r18	; 0x0d
    1a7a:	80 16       	cp	r8, r16
    1a7c:	91 06       	cpc	r9, r17
    1a7e:	2c f0       	brlt	.+10     	; 0x1a8a <vfprintf+0x324>
    1a80:	b7 01       	movw	r22, r14
    1a82:	90 e0       	ldi	r25, 0x00	; 0
    1a84:	0e 94 91 10 	call	0x2122	; 0x2122 <fputc>
    1a88:	d9 cf       	rjmp	.-78     	; 0x1a3c <vfprintf+0x2d6>
    1a8a:	c8 14       	cp	r12, r8
    1a8c:	d9 04       	cpc	r13, r9
    1a8e:	41 f4       	brne	.+16     	; 0x1aa0 <vfprintf+0x33a>
    1a90:	9a 81       	ldd	r25, Y+2	; 0x02
    1a92:	96 33       	cpi	r25, 0x36	; 54
    1a94:	20 f4       	brcc	.+8      	; 0x1a9e <vfprintf+0x338>
    1a96:	95 33       	cpi	r25, 0x35	; 53
    1a98:	19 f4       	brne	.+6      	; 0x1aa0 <vfprintf+0x33a>
    1a9a:	3c 85       	ldd	r19, Y+12	; 0x0c
    1a9c:	34 ff       	sbrs	r19, 4
    1a9e:	81 e3       	ldi	r24, 0x31	; 49
    1aa0:	b7 01       	movw	r22, r14
    1aa2:	90 e0       	ldi	r25, 0x00	; 0
    1aa4:	4e c0       	rjmp	.+156    	; 0x1b42 <vfprintf+0x3dc>
    1aa6:	8a 81       	ldd	r24, Y+2	; 0x02
    1aa8:	81 33       	cpi	r24, 0x31	; 49
    1aaa:	19 f0       	breq	.+6      	; 0x1ab2 <vfprintf+0x34c>
    1aac:	9c 85       	ldd	r25, Y+12	; 0x0c
    1aae:	9f 7e       	andi	r25, 0xEF	; 239
    1ab0:	9c 87       	std	Y+12, r25	; 0x0c
    1ab2:	b7 01       	movw	r22, r14
    1ab4:	90 e0       	ldi	r25, 0x00	; 0
    1ab6:	0e 94 91 10 	call	0x2122	; 0x2122 <fputc>
    1aba:	11 11       	cpse	r17, r1
    1abc:	05 c0       	rjmp	.+10     	; 0x1ac8 <vfprintf+0x362>
    1abe:	94 fc       	sbrc	r9, 4
    1ac0:	18 c0       	rjmp	.+48     	; 0x1af2 <vfprintf+0x38c>
    1ac2:	85 e6       	ldi	r24, 0x65	; 101
    1ac4:	90 e0       	ldi	r25, 0x00	; 0
    1ac6:	17 c0       	rjmp	.+46     	; 0x1af6 <vfprintf+0x390>
    1ac8:	b7 01       	movw	r22, r14
    1aca:	8e e2       	ldi	r24, 0x2E	; 46
    1acc:	90 e0       	ldi	r25, 0x00	; 0
    1ace:	0e 94 91 10 	call	0x2122	; 0x2122 <fputc>
    1ad2:	1e 5f       	subi	r17, 0xFE	; 254
    1ad4:	82 e0       	ldi	r24, 0x02	; 2
    1ad6:	01 e0       	ldi	r16, 0x01	; 1
    1ad8:	08 0f       	add	r16, r24
    1ada:	f3 01       	movw	r30, r6
    1adc:	e8 0f       	add	r30, r24
    1ade:	f1 1d       	adc	r31, r1
    1ae0:	80 81       	ld	r24, Z
    1ae2:	b7 01       	movw	r22, r14
    1ae4:	90 e0       	ldi	r25, 0x00	; 0
    1ae6:	0e 94 91 10 	call	0x2122	; 0x2122 <fputc>
    1aea:	80 2f       	mov	r24, r16
    1aec:	01 13       	cpse	r16, r17
    1aee:	f3 cf       	rjmp	.-26     	; 0x1ad6 <vfprintf+0x370>
    1af0:	e6 cf       	rjmp	.-52     	; 0x1abe <vfprintf+0x358>
    1af2:	85 e4       	ldi	r24, 0x45	; 69
    1af4:	90 e0       	ldi	r25, 0x00	; 0
    1af6:	b7 01       	movw	r22, r14
    1af8:	0e 94 91 10 	call	0x2122	; 0x2122 <fputc>
    1afc:	d7 fc       	sbrc	r13, 7
    1afe:	06 c0       	rjmp	.+12     	; 0x1b0c <vfprintf+0x3a6>
    1b00:	c1 14       	cp	r12, r1
    1b02:	d1 04       	cpc	r13, r1
    1b04:	41 f4       	brne	.+16     	; 0x1b16 <vfprintf+0x3b0>
    1b06:	ec 85       	ldd	r30, Y+12	; 0x0c
    1b08:	e4 ff       	sbrs	r30, 4
    1b0a:	05 c0       	rjmp	.+10     	; 0x1b16 <vfprintf+0x3b0>
    1b0c:	d1 94       	neg	r13
    1b0e:	c1 94       	neg	r12
    1b10:	d1 08       	sbc	r13, r1
    1b12:	8d e2       	ldi	r24, 0x2D	; 45
    1b14:	01 c0       	rjmp	.+2      	; 0x1b18 <vfprintf+0x3b2>
    1b16:	8b e2       	ldi	r24, 0x2B	; 43
    1b18:	b7 01       	movw	r22, r14
    1b1a:	90 e0       	ldi	r25, 0x00	; 0
    1b1c:	0e 94 91 10 	call	0x2122	; 0x2122 <fputc>
    1b20:	80 e3       	ldi	r24, 0x30	; 48
    1b22:	2a e0       	ldi	r18, 0x0A	; 10
    1b24:	c2 16       	cp	r12, r18
    1b26:	d1 04       	cpc	r13, r1
    1b28:	2c f0       	brlt	.+10     	; 0x1b34 <vfprintf+0x3ce>
    1b2a:	8f 5f       	subi	r24, 0xFF	; 255
    1b2c:	fa e0       	ldi	r31, 0x0A	; 10
    1b2e:	cf 1a       	sub	r12, r31
    1b30:	d1 08       	sbc	r13, r1
    1b32:	f7 cf       	rjmp	.-18     	; 0x1b22 <vfprintf+0x3bc>
    1b34:	b7 01       	movw	r22, r14
    1b36:	90 e0       	ldi	r25, 0x00	; 0
    1b38:	0e 94 91 10 	call	0x2122	; 0x2122 <fputc>
    1b3c:	b7 01       	movw	r22, r14
    1b3e:	c6 01       	movw	r24, r12
    1b40:	c0 96       	adiw	r24, 0x30	; 48
    1b42:	0e 94 91 10 	call	0x2122	; 0x2122 <fputc>
    1b46:	54 c1       	rjmp	.+680    	; 0x1df0 <vfprintf+0x68a>
    1b48:	83 36       	cpi	r24, 0x63	; 99
    1b4a:	31 f0       	breq	.+12     	; 0x1b58 <vfprintf+0x3f2>
    1b4c:	83 37       	cpi	r24, 0x73	; 115
    1b4e:	79 f0       	breq	.+30     	; 0x1b6e <vfprintf+0x408>
    1b50:	83 35       	cpi	r24, 0x53	; 83
    1b52:	09 f0       	breq	.+2      	; 0x1b56 <vfprintf+0x3f0>
    1b54:	56 c0       	rjmp	.+172    	; 0x1c02 <vfprintf+0x49c>
    1b56:	20 c0       	rjmp	.+64     	; 0x1b98 <vfprintf+0x432>
    1b58:	56 01       	movw	r10, r12
    1b5a:	32 e0       	ldi	r19, 0x02	; 2
    1b5c:	a3 0e       	add	r10, r19
    1b5e:	b1 1c       	adc	r11, r1
    1b60:	f6 01       	movw	r30, r12
    1b62:	80 81       	ld	r24, Z
    1b64:	89 83       	std	Y+1, r24	; 0x01
    1b66:	01 e0       	ldi	r16, 0x01	; 1
    1b68:	10 e0       	ldi	r17, 0x00	; 0
    1b6a:	63 01       	movw	r12, r6
    1b6c:	12 c0       	rjmp	.+36     	; 0x1b92 <vfprintf+0x42c>
    1b6e:	56 01       	movw	r10, r12
    1b70:	f2 e0       	ldi	r31, 0x02	; 2
    1b72:	af 0e       	add	r10, r31
    1b74:	b1 1c       	adc	r11, r1
    1b76:	f6 01       	movw	r30, r12
    1b78:	c0 80       	ld	r12, Z
    1b7a:	d1 80       	ldd	r13, Z+1	; 0x01
    1b7c:	96 fe       	sbrs	r9, 6
    1b7e:	03 c0       	rjmp	.+6      	; 0x1b86 <vfprintf+0x420>
    1b80:	61 2f       	mov	r22, r17
    1b82:	70 e0       	ldi	r23, 0x00	; 0
    1b84:	02 c0       	rjmp	.+4      	; 0x1b8a <vfprintf+0x424>
    1b86:	6f ef       	ldi	r22, 0xFF	; 255
    1b88:	7f ef       	ldi	r23, 0xFF	; 255
    1b8a:	c6 01       	movw	r24, r12
    1b8c:	0e 94 86 10 	call	0x210c	; 0x210c <strnlen>
    1b90:	8c 01       	movw	r16, r24
    1b92:	f9 2d       	mov	r31, r9
    1b94:	ff 77       	andi	r31, 0x7F	; 127
    1b96:	14 c0       	rjmp	.+40     	; 0x1bc0 <vfprintf+0x45a>
    1b98:	56 01       	movw	r10, r12
    1b9a:	22 e0       	ldi	r18, 0x02	; 2
    1b9c:	a2 0e       	add	r10, r18
    1b9e:	b1 1c       	adc	r11, r1
    1ba0:	f6 01       	movw	r30, r12
    1ba2:	c0 80       	ld	r12, Z
    1ba4:	d1 80       	ldd	r13, Z+1	; 0x01
    1ba6:	96 fe       	sbrs	r9, 6
    1ba8:	03 c0       	rjmp	.+6      	; 0x1bb0 <vfprintf+0x44a>
    1baa:	61 2f       	mov	r22, r17
    1bac:	70 e0       	ldi	r23, 0x00	; 0
    1bae:	02 c0       	rjmp	.+4      	; 0x1bb4 <vfprintf+0x44e>
    1bb0:	6f ef       	ldi	r22, 0xFF	; 255
    1bb2:	7f ef       	ldi	r23, 0xFF	; 255
    1bb4:	c6 01       	movw	r24, r12
    1bb6:	0e 94 7b 10 	call	0x20f6	; 0x20f6 <strnlen_P>
    1bba:	8c 01       	movw	r16, r24
    1bbc:	f9 2d       	mov	r31, r9
    1bbe:	f0 68       	ori	r31, 0x80	; 128
    1bc0:	9f 2e       	mov	r9, r31
    1bc2:	f3 fd       	sbrc	r31, 3
    1bc4:	1a c0       	rjmp	.+52     	; 0x1bfa <vfprintf+0x494>
    1bc6:	85 2d       	mov	r24, r5
    1bc8:	90 e0       	ldi	r25, 0x00	; 0
    1bca:	08 17       	cp	r16, r24
    1bcc:	19 07       	cpc	r17, r25
    1bce:	a8 f4       	brcc	.+42     	; 0x1bfa <vfprintf+0x494>
    1bd0:	b7 01       	movw	r22, r14
    1bd2:	80 e2       	ldi	r24, 0x20	; 32
    1bd4:	90 e0       	ldi	r25, 0x00	; 0
    1bd6:	0e 94 91 10 	call	0x2122	; 0x2122 <fputc>
    1bda:	5a 94       	dec	r5
    1bdc:	f4 cf       	rjmp	.-24     	; 0x1bc6 <vfprintf+0x460>
    1bde:	f6 01       	movw	r30, r12
    1be0:	97 fc       	sbrc	r9, 7
    1be2:	85 91       	lpm	r24, Z+
    1be4:	97 fe       	sbrs	r9, 7
    1be6:	81 91       	ld	r24, Z+
    1be8:	6f 01       	movw	r12, r30
    1bea:	b7 01       	movw	r22, r14
    1bec:	90 e0       	ldi	r25, 0x00	; 0
    1bee:	0e 94 91 10 	call	0x2122	; 0x2122 <fputc>
    1bf2:	51 10       	cpse	r5, r1
    1bf4:	5a 94       	dec	r5
    1bf6:	01 50       	subi	r16, 0x01	; 1
    1bf8:	11 09       	sbc	r17, r1
    1bfa:	01 15       	cp	r16, r1
    1bfc:	11 05       	cpc	r17, r1
    1bfe:	79 f7       	brne	.-34     	; 0x1bde <vfprintf+0x478>
    1c00:	f7 c0       	rjmp	.+494    	; 0x1df0 <vfprintf+0x68a>
    1c02:	84 36       	cpi	r24, 0x64	; 100
    1c04:	11 f0       	breq	.+4      	; 0x1c0a <vfprintf+0x4a4>
    1c06:	89 36       	cpi	r24, 0x69	; 105
    1c08:	61 f5       	brne	.+88     	; 0x1c62 <vfprintf+0x4fc>
    1c0a:	56 01       	movw	r10, r12
    1c0c:	97 fe       	sbrs	r9, 7
    1c0e:	09 c0       	rjmp	.+18     	; 0x1c22 <vfprintf+0x4bc>
    1c10:	24 e0       	ldi	r18, 0x04	; 4
    1c12:	a2 0e       	add	r10, r18
    1c14:	b1 1c       	adc	r11, r1
    1c16:	f6 01       	movw	r30, r12
    1c18:	60 81       	ld	r22, Z
    1c1a:	71 81       	ldd	r23, Z+1	; 0x01
    1c1c:	82 81       	ldd	r24, Z+2	; 0x02
    1c1e:	93 81       	ldd	r25, Z+3	; 0x03
    1c20:	0a c0       	rjmp	.+20     	; 0x1c36 <vfprintf+0x4d0>
    1c22:	f2 e0       	ldi	r31, 0x02	; 2
    1c24:	af 0e       	add	r10, r31
    1c26:	b1 1c       	adc	r11, r1
    1c28:	f6 01       	movw	r30, r12
    1c2a:	60 81       	ld	r22, Z
    1c2c:	71 81       	ldd	r23, Z+1	; 0x01
    1c2e:	07 2e       	mov	r0, r23
    1c30:	00 0c       	add	r0, r0
    1c32:	88 0b       	sbc	r24, r24
    1c34:	99 0b       	sbc	r25, r25
    1c36:	f9 2d       	mov	r31, r9
    1c38:	ff 76       	andi	r31, 0x6F	; 111
    1c3a:	9f 2e       	mov	r9, r31
    1c3c:	97 ff       	sbrs	r25, 7
    1c3e:	09 c0       	rjmp	.+18     	; 0x1c52 <vfprintf+0x4ec>
    1c40:	90 95       	com	r25
    1c42:	80 95       	com	r24
    1c44:	70 95       	com	r23
    1c46:	61 95       	neg	r22
    1c48:	7f 4f       	sbci	r23, 0xFF	; 255
    1c4a:	8f 4f       	sbci	r24, 0xFF	; 255
    1c4c:	9f 4f       	sbci	r25, 0xFF	; 255
    1c4e:	f0 68       	ori	r31, 0x80	; 128
    1c50:	9f 2e       	mov	r9, r31
    1c52:	2a e0       	ldi	r18, 0x0A	; 10
    1c54:	30 e0       	ldi	r19, 0x00	; 0
    1c56:	a3 01       	movw	r20, r6
    1c58:	0e 94 cd 10 	call	0x219a	; 0x219a <__ultoa_invert>
    1c5c:	c8 2e       	mov	r12, r24
    1c5e:	c6 18       	sub	r12, r6
    1c60:	3f c0       	rjmp	.+126    	; 0x1ce0 <vfprintf+0x57a>
    1c62:	09 2d       	mov	r16, r9
    1c64:	85 37       	cpi	r24, 0x75	; 117
    1c66:	21 f4       	brne	.+8      	; 0x1c70 <vfprintf+0x50a>
    1c68:	0f 7e       	andi	r16, 0xEF	; 239
    1c6a:	2a e0       	ldi	r18, 0x0A	; 10
    1c6c:	30 e0       	ldi	r19, 0x00	; 0
    1c6e:	1d c0       	rjmp	.+58     	; 0x1caa <vfprintf+0x544>
    1c70:	09 7f       	andi	r16, 0xF9	; 249
    1c72:	8f 36       	cpi	r24, 0x6F	; 111
    1c74:	91 f0       	breq	.+36     	; 0x1c9a <vfprintf+0x534>
    1c76:	18 f4       	brcc	.+6      	; 0x1c7e <vfprintf+0x518>
    1c78:	88 35       	cpi	r24, 0x58	; 88
    1c7a:	59 f0       	breq	.+22     	; 0x1c92 <vfprintf+0x52c>
    1c7c:	c3 c0       	rjmp	.+390    	; 0x1e04 <vfprintf+0x69e>
    1c7e:	80 37       	cpi	r24, 0x70	; 112
    1c80:	19 f0       	breq	.+6      	; 0x1c88 <vfprintf+0x522>
    1c82:	88 37       	cpi	r24, 0x78	; 120
    1c84:	11 f0       	breq	.+4      	; 0x1c8a <vfprintf+0x524>
    1c86:	be c0       	rjmp	.+380    	; 0x1e04 <vfprintf+0x69e>
    1c88:	00 61       	ori	r16, 0x10	; 16
    1c8a:	04 ff       	sbrs	r16, 4
    1c8c:	09 c0       	rjmp	.+18     	; 0x1ca0 <vfprintf+0x53a>
    1c8e:	04 60       	ori	r16, 0x04	; 4
    1c90:	07 c0       	rjmp	.+14     	; 0x1ca0 <vfprintf+0x53a>
    1c92:	94 fe       	sbrs	r9, 4
    1c94:	08 c0       	rjmp	.+16     	; 0x1ca6 <vfprintf+0x540>
    1c96:	06 60       	ori	r16, 0x06	; 6
    1c98:	06 c0       	rjmp	.+12     	; 0x1ca6 <vfprintf+0x540>
    1c9a:	28 e0       	ldi	r18, 0x08	; 8
    1c9c:	30 e0       	ldi	r19, 0x00	; 0
    1c9e:	05 c0       	rjmp	.+10     	; 0x1caa <vfprintf+0x544>
    1ca0:	20 e1       	ldi	r18, 0x10	; 16
    1ca2:	30 e0       	ldi	r19, 0x00	; 0
    1ca4:	02 c0       	rjmp	.+4      	; 0x1caa <vfprintf+0x544>
    1ca6:	20 e1       	ldi	r18, 0x10	; 16
    1ca8:	32 e0       	ldi	r19, 0x02	; 2
    1caa:	56 01       	movw	r10, r12
    1cac:	07 ff       	sbrs	r16, 7
    1cae:	09 c0       	rjmp	.+18     	; 0x1cc2 <vfprintf+0x55c>
    1cb0:	84 e0       	ldi	r24, 0x04	; 4
    1cb2:	a8 0e       	add	r10, r24
    1cb4:	b1 1c       	adc	r11, r1
    1cb6:	f6 01       	movw	r30, r12
    1cb8:	60 81       	ld	r22, Z
    1cba:	71 81       	ldd	r23, Z+1	; 0x01
    1cbc:	82 81       	ldd	r24, Z+2	; 0x02
    1cbe:	93 81       	ldd	r25, Z+3	; 0x03
    1cc0:	08 c0       	rjmp	.+16     	; 0x1cd2 <vfprintf+0x56c>
    1cc2:	f2 e0       	ldi	r31, 0x02	; 2
    1cc4:	af 0e       	add	r10, r31
    1cc6:	b1 1c       	adc	r11, r1
    1cc8:	f6 01       	movw	r30, r12
    1cca:	60 81       	ld	r22, Z
    1ccc:	71 81       	ldd	r23, Z+1	; 0x01
    1cce:	80 e0       	ldi	r24, 0x00	; 0
    1cd0:	90 e0       	ldi	r25, 0x00	; 0
    1cd2:	a3 01       	movw	r20, r6
    1cd4:	0e 94 cd 10 	call	0x219a	; 0x219a <__ultoa_invert>
    1cd8:	c8 2e       	mov	r12, r24
    1cda:	c6 18       	sub	r12, r6
    1cdc:	0f 77       	andi	r16, 0x7F	; 127
    1cde:	90 2e       	mov	r9, r16
    1ce0:	96 fe       	sbrs	r9, 6
    1ce2:	0b c0       	rjmp	.+22     	; 0x1cfa <vfprintf+0x594>
    1ce4:	09 2d       	mov	r16, r9
    1ce6:	0e 7f       	andi	r16, 0xFE	; 254
    1ce8:	c1 16       	cp	r12, r17
    1cea:	50 f4       	brcc	.+20     	; 0x1d00 <vfprintf+0x59a>
    1cec:	94 fe       	sbrs	r9, 4
    1cee:	0a c0       	rjmp	.+20     	; 0x1d04 <vfprintf+0x59e>
    1cf0:	92 fc       	sbrc	r9, 2
    1cf2:	08 c0       	rjmp	.+16     	; 0x1d04 <vfprintf+0x59e>
    1cf4:	09 2d       	mov	r16, r9
    1cf6:	0e 7e       	andi	r16, 0xEE	; 238
    1cf8:	05 c0       	rjmp	.+10     	; 0x1d04 <vfprintf+0x59e>
    1cfa:	dc 2c       	mov	r13, r12
    1cfc:	09 2d       	mov	r16, r9
    1cfe:	03 c0       	rjmp	.+6      	; 0x1d06 <vfprintf+0x5a0>
    1d00:	dc 2c       	mov	r13, r12
    1d02:	01 c0       	rjmp	.+2      	; 0x1d06 <vfprintf+0x5a0>
    1d04:	d1 2e       	mov	r13, r17
    1d06:	04 ff       	sbrs	r16, 4
    1d08:	0d c0       	rjmp	.+26     	; 0x1d24 <vfprintf+0x5be>
    1d0a:	fe 01       	movw	r30, r28
    1d0c:	ec 0d       	add	r30, r12
    1d0e:	f1 1d       	adc	r31, r1
    1d10:	80 81       	ld	r24, Z
    1d12:	80 33       	cpi	r24, 0x30	; 48
    1d14:	11 f4       	brne	.+4      	; 0x1d1a <vfprintf+0x5b4>
    1d16:	09 7e       	andi	r16, 0xE9	; 233
    1d18:	09 c0       	rjmp	.+18     	; 0x1d2c <vfprintf+0x5c6>
    1d1a:	02 ff       	sbrs	r16, 2
    1d1c:	06 c0       	rjmp	.+12     	; 0x1d2a <vfprintf+0x5c4>
    1d1e:	d3 94       	inc	r13
    1d20:	d3 94       	inc	r13
    1d22:	04 c0       	rjmp	.+8      	; 0x1d2c <vfprintf+0x5c6>
    1d24:	80 2f       	mov	r24, r16
    1d26:	86 78       	andi	r24, 0x86	; 134
    1d28:	09 f0       	breq	.+2      	; 0x1d2c <vfprintf+0x5c6>
    1d2a:	d3 94       	inc	r13
    1d2c:	03 fd       	sbrc	r16, 3
    1d2e:	11 c0       	rjmp	.+34     	; 0x1d52 <vfprintf+0x5ec>
    1d30:	00 ff       	sbrs	r16, 0
    1d32:	06 c0       	rjmp	.+12     	; 0x1d40 <vfprintf+0x5da>
    1d34:	1c 2d       	mov	r17, r12
    1d36:	d5 14       	cp	r13, r5
    1d38:	80 f4       	brcc	.+32     	; 0x1d5a <vfprintf+0x5f4>
    1d3a:	15 0d       	add	r17, r5
    1d3c:	1d 19       	sub	r17, r13
    1d3e:	0d c0       	rjmp	.+26     	; 0x1d5a <vfprintf+0x5f4>
    1d40:	d5 14       	cp	r13, r5
    1d42:	58 f4       	brcc	.+22     	; 0x1d5a <vfprintf+0x5f4>
    1d44:	b7 01       	movw	r22, r14
    1d46:	80 e2       	ldi	r24, 0x20	; 32
    1d48:	90 e0       	ldi	r25, 0x00	; 0
    1d4a:	0e 94 91 10 	call	0x2122	; 0x2122 <fputc>
    1d4e:	d3 94       	inc	r13
    1d50:	f7 cf       	rjmp	.-18     	; 0x1d40 <vfprintf+0x5da>
    1d52:	d5 14       	cp	r13, r5
    1d54:	10 f4       	brcc	.+4      	; 0x1d5a <vfprintf+0x5f4>
    1d56:	5d 18       	sub	r5, r13
    1d58:	01 c0       	rjmp	.+2      	; 0x1d5c <vfprintf+0x5f6>
    1d5a:	51 2c       	mov	r5, r1
    1d5c:	04 ff       	sbrs	r16, 4
    1d5e:	10 c0       	rjmp	.+32     	; 0x1d80 <vfprintf+0x61a>
    1d60:	b7 01       	movw	r22, r14
    1d62:	80 e3       	ldi	r24, 0x30	; 48
    1d64:	90 e0       	ldi	r25, 0x00	; 0
    1d66:	0e 94 91 10 	call	0x2122	; 0x2122 <fputc>
    1d6a:	02 ff       	sbrs	r16, 2
    1d6c:	17 c0       	rjmp	.+46     	; 0x1d9c <vfprintf+0x636>
    1d6e:	01 fd       	sbrc	r16, 1
    1d70:	03 c0       	rjmp	.+6      	; 0x1d78 <vfprintf+0x612>
    1d72:	88 e7       	ldi	r24, 0x78	; 120
    1d74:	90 e0       	ldi	r25, 0x00	; 0
    1d76:	02 c0       	rjmp	.+4      	; 0x1d7c <vfprintf+0x616>
    1d78:	88 e5       	ldi	r24, 0x58	; 88
    1d7a:	90 e0       	ldi	r25, 0x00	; 0
    1d7c:	b7 01       	movw	r22, r14
    1d7e:	0c c0       	rjmp	.+24     	; 0x1d98 <vfprintf+0x632>
    1d80:	80 2f       	mov	r24, r16
    1d82:	86 78       	andi	r24, 0x86	; 134
    1d84:	59 f0       	breq	.+22     	; 0x1d9c <vfprintf+0x636>
    1d86:	01 ff       	sbrs	r16, 1
    1d88:	02 c0       	rjmp	.+4      	; 0x1d8e <vfprintf+0x628>
    1d8a:	8b e2       	ldi	r24, 0x2B	; 43
    1d8c:	01 c0       	rjmp	.+2      	; 0x1d90 <vfprintf+0x62a>
    1d8e:	80 e2       	ldi	r24, 0x20	; 32
    1d90:	07 fd       	sbrc	r16, 7
    1d92:	8d e2       	ldi	r24, 0x2D	; 45
    1d94:	b7 01       	movw	r22, r14
    1d96:	90 e0       	ldi	r25, 0x00	; 0
    1d98:	0e 94 91 10 	call	0x2122	; 0x2122 <fputc>
    1d9c:	c1 16       	cp	r12, r17
    1d9e:	38 f4       	brcc	.+14     	; 0x1dae <vfprintf+0x648>
    1da0:	b7 01       	movw	r22, r14
    1da2:	80 e3       	ldi	r24, 0x30	; 48
    1da4:	90 e0       	ldi	r25, 0x00	; 0
    1da6:	0e 94 91 10 	call	0x2122	; 0x2122 <fputc>
    1daa:	11 50       	subi	r17, 0x01	; 1
    1dac:	f7 cf       	rjmp	.-18     	; 0x1d9c <vfprintf+0x636>
    1dae:	ca 94       	dec	r12
    1db0:	f3 01       	movw	r30, r6
    1db2:	ec 0d       	add	r30, r12
    1db4:	f1 1d       	adc	r31, r1
    1db6:	80 81       	ld	r24, Z
    1db8:	b7 01       	movw	r22, r14
    1dba:	90 e0       	ldi	r25, 0x00	; 0
    1dbc:	0e 94 91 10 	call	0x2122	; 0x2122 <fputc>
    1dc0:	c1 10       	cpse	r12, r1
    1dc2:	f5 cf       	rjmp	.-22     	; 0x1dae <vfprintf+0x648>
    1dc4:	15 c0       	rjmp	.+42     	; 0x1df0 <vfprintf+0x68a>
    1dc6:	f4 e0       	ldi	r31, 0x04	; 4
    1dc8:	f5 15       	cp	r31, r5
    1dca:	60 f5       	brcc	.+88     	; 0x1e24 <vfprintf+0x6be>
    1dcc:	84 e0       	ldi	r24, 0x04	; 4
    1dce:	58 1a       	sub	r5, r24
    1dd0:	93 fe       	sbrs	r9, 3
    1dd2:	1f c0       	rjmp	.+62     	; 0x1e12 <vfprintf+0x6ac>
    1dd4:	01 11       	cpse	r16, r1
    1dd6:	27 c0       	rjmp	.+78     	; 0x1e26 <vfprintf+0x6c0>
    1dd8:	2c 85       	ldd	r18, Y+12	; 0x0c
    1dda:	23 ff       	sbrs	r18, 3
    1ddc:	2a c0       	rjmp	.+84     	; 0x1e32 <vfprintf+0x6cc>
    1dde:	04 eb       	ldi	r16, 0xB4	; 180
    1de0:	10 e0       	ldi	r17, 0x00	; 0
    1de2:	39 2d       	mov	r19, r9
    1de4:	30 71       	andi	r19, 0x10	; 16
    1de6:	93 2e       	mov	r9, r19
    1de8:	f8 01       	movw	r30, r16
    1dea:	84 91       	lpm	r24, Z
    1dec:	81 11       	cpse	r24, r1
    1dee:	24 c0       	rjmp	.+72     	; 0x1e38 <vfprintf+0x6d2>
    1df0:	55 20       	and	r5, r5
    1df2:	09 f4       	brne	.+2      	; 0x1df6 <vfprintf+0x690>
    1df4:	e4 cc       	rjmp	.-1592   	; 0x17be <vfprintf+0x58>
    1df6:	b7 01       	movw	r22, r14
    1df8:	80 e2       	ldi	r24, 0x20	; 32
    1dfa:	90 e0       	ldi	r25, 0x00	; 0
    1dfc:	0e 94 91 10 	call	0x2122	; 0x2122 <fputc>
    1e00:	5a 94       	dec	r5
    1e02:	f6 cf       	rjmp	.-20     	; 0x1df0 <vfprintf+0x68a>
    1e04:	f7 01       	movw	r30, r14
    1e06:	86 81       	ldd	r24, Z+6	; 0x06
    1e08:	97 81       	ldd	r25, Z+7	; 0x07
    1e0a:	26 c0       	rjmp	.+76     	; 0x1e58 <vfprintf+0x6f2>
    1e0c:	8f ef       	ldi	r24, 0xFF	; 255
    1e0e:	9f ef       	ldi	r25, 0xFF	; 255
    1e10:	23 c0       	rjmp	.+70     	; 0x1e58 <vfprintf+0x6f2>
    1e12:	b7 01       	movw	r22, r14
    1e14:	80 e2       	ldi	r24, 0x20	; 32
    1e16:	90 e0       	ldi	r25, 0x00	; 0
    1e18:	0e 94 91 10 	call	0x2122	; 0x2122 <fputc>
    1e1c:	5a 94       	dec	r5
    1e1e:	51 10       	cpse	r5, r1
    1e20:	f8 cf       	rjmp	.-16     	; 0x1e12 <vfprintf+0x6ac>
    1e22:	d8 cf       	rjmp	.-80     	; 0x1dd4 <vfprintf+0x66e>
    1e24:	51 2c       	mov	r5, r1
    1e26:	b7 01       	movw	r22, r14
    1e28:	80 2f       	mov	r24, r16
    1e2a:	90 e0       	ldi	r25, 0x00	; 0
    1e2c:	0e 94 91 10 	call	0x2122	; 0x2122 <fputc>
    1e30:	d3 cf       	rjmp	.-90     	; 0x1dd8 <vfprintf+0x672>
    1e32:	08 eb       	ldi	r16, 0xB8	; 184
    1e34:	10 e0       	ldi	r17, 0x00	; 0
    1e36:	d5 cf       	rjmp	.-86     	; 0x1de2 <vfprintf+0x67c>
    1e38:	91 10       	cpse	r9, r1
    1e3a:	80 52       	subi	r24, 0x20	; 32
    1e3c:	b7 01       	movw	r22, r14
    1e3e:	90 e0       	ldi	r25, 0x00	; 0
    1e40:	0e 94 91 10 	call	0x2122	; 0x2122 <fputc>
    1e44:	0f 5f       	subi	r16, 0xFF	; 255
    1e46:	1f 4f       	sbci	r17, 0xFF	; 255
    1e48:	cf cf       	rjmp	.-98     	; 0x1de8 <vfprintf+0x682>
    1e4a:	23 e0       	ldi	r18, 0x03	; 3
    1e4c:	25 15       	cp	r18, r5
    1e4e:	10 f4       	brcc	.+4      	; 0x1e54 <vfprintf+0x6ee>
    1e50:	83 e0       	ldi	r24, 0x03	; 3
    1e52:	bd cf       	rjmp	.-134    	; 0x1dce <vfprintf+0x668>
    1e54:	51 2c       	mov	r5, r1
    1e56:	c0 cf       	rjmp	.-128    	; 0x1dd8 <vfprintf+0x672>
    1e58:	60 96       	adiw	r28, 0x10	; 16
    1e5a:	e2 e1       	ldi	r30, 0x12	; 18
    1e5c:	0c 94 88 0f 	jmp	0x1f10	; 0x1f10 <__epilogue_restores__>

00001e60 <__udivmodsi4>:
    1e60:	a1 e2       	ldi	r26, 0x21	; 33
    1e62:	1a 2e       	mov	r1, r26
    1e64:	aa 1b       	sub	r26, r26
    1e66:	bb 1b       	sub	r27, r27
    1e68:	fd 01       	movw	r30, r26
    1e6a:	0d c0       	rjmp	.+26     	; 0x1e86 <__udivmodsi4_ep>

00001e6c <__udivmodsi4_loop>:
    1e6c:	aa 1f       	adc	r26, r26
    1e6e:	bb 1f       	adc	r27, r27
    1e70:	ee 1f       	adc	r30, r30
    1e72:	ff 1f       	adc	r31, r31
    1e74:	a2 17       	cp	r26, r18
    1e76:	b3 07       	cpc	r27, r19
    1e78:	e4 07       	cpc	r30, r20
    1e7a:	f5 07       	cpc	r31, r21
    1e7c:	20 f0       	brcs	.+8      	; 0x1e86 <__udivmodsi4_ep>
    1e7e:	a2 1b       	sub	r26, r18
    1e80:	b3 0b       	sbc	r27, r19
    1e82:	e4 0b       	sbc	r30, r20
    1e84:	f5 0b       	sbc	r31, r21

00001e86 <__udivmodsi4_ep>:
    1e86:	66 1f       	adc	r22, r22
    1e88:	77 1f       	adc	r23, r23
    1e8a:	88 1f       	adc	r24, r24
    1e8c:	99 1f       	adc	r25, r25
    1e8e:	1a 94       	dec	r1
    1e90:	69 f7       	brne	.-38     	; 0x1e6c <__udivmodsi4_loop>
    1e92:	60 95       	com	r22
    1e94:	70 95       	com	r23
    1e96:	80 95       	com	r24
    1e98:	90 95       	com	r25
    1e9a:	9b 01       	movw	r18, r22
    1e9c:	ac 01       	movw	r20, r24
    1e9e:	bd 01       	movw	r22, r26
    1ea0:	cf 01       	movw	r24, r30
    1ea2:	08 95       	ret

00001ea4 <__umulhisi3>:
    1ea4:	a2 9f       	mul	r26, r18
    1ea6:	b0 01       	movw	r22, r0
    1ea8:	b3 9f       	mul	r27, r19
    1eaa:	c0 01       	movw	r24, r0
    1eac:	a3 9f       	mul	r26, r19
    1eae:	70 0d       	add	r23, r0
    1eb0:	81 1d       	adc	r24, r1
    1eb2:	11 24       	eor	r1, r1
    1eb4:	91 1d       	adc	r25, r1
    1eb6:	b2 9f       	mul	r27, r18
    1eb8:	70 0d       	add	r23, r0
    1eba:	81 1d       	adc	r24, r1
    1ebc:	11 24       	eor	r1, r1
    1ebe:	91 1d       	adc	r25, r1
    1ec0:	08 95       	ret

00001ec2 <__muluhisi3>:
    1ec2:	0e 94 52 0f 	call	0x1ea4	; 0x1ea4 <__umulhisi3>
    1ec6:	a5 9f       	mul	r26, r21
    1ec8:	90 0d       	add	r25, r0
    1eca:	b4 9f       	mul	r27, r20
    1ecc:	90 0d       	add	r25, r0
    1ece:	a4 9f       	mul	r26, r20
    1ed0:	80 0d       	add	r24, r0
    1ed2:	91 1d       	adc	r25, r1
    1ed4:	11 24       	eor	r1, r1
    1ed6:	08 95       	ret

00001ed8 <__prologue_saves__>:
    1ed8:	2f 92       	push	r2
    1eda:	3f 92       	push	r3
    1edc:	4f 92       	push	r4
    1ede:	5f 92       	push	r5
    1ee0:	6f 92       	push	r6
    1ee2:	7f 92       	push	r7
    1ee4:	8f 92       	push	r8
    1ee6:	9f 92       	push	r9
    1ee8:	af 92       	push	r10
    1eea:	bf 92       	push	r11
    1eec:	cf 92       	push	r12
    1eee:	df 92       	push	r13
    1ef0:	ef 92       	push	r14
    1ef2:	ff 92       	push	r15
    1ef4:	0f 93       	push	r16
    1ef6:	1f 93       	push	r17
    1ef8:	cf 93       	push	r28
    1efa:	df 93       	push	r29
    1efc:	cd b7       	in	r28, 0x3d	; 61
    1efe:	de b7       	in	r29, 0x3e	; 62
    1f00:	ca 1b       	sub	r28, r26
    1f02:	db 0b       	sbc	r29, r27
    1f04:	0f b6       	in	r0, 0x3f	; 63
    1f06:	f8 94       	cli
    1f08:	de bf       	out	0x3e, r29	; 62
    1f0a:	0f be       	out	0x3f, r0	; 63
    1f0c:	cd bf       	out	0x3d, r28	; 61
    1f0e:	09 94       	ijmp

00001f10 <__epilogue_restores__>:
    1f10:	2a 88       	ldd	r2, Y+18	; 0x12
    1f12:	39 88       	ldd	r3, Y+17	; 0x11
    1f14:	48 88       	ldd	r4, Y+16	; 0x10
    1f16:	5f 84       	ldd	r5, Y+15	; 0x0f
    1f18:	6e 84       	ldd	r6, Y+14	; 0x0e
    1f1a:	7d 84       	ldd	r7, Y+13	; 0x0d
    1f1c:	8c 84       	ldd	r8, Y+12	; 0x0c
    1f1e:	9b 84       	ldd	r9, Y+11	; 0x0b
    1f20:	aa 84       	ldd	r10, Y+10	; 0x0a
    1f22:	b9 84       	ldd	r11, Y+9	; 0x09
    1f24:	c8 84       	ldd	r12, Y+8	; 0x08
    1f26:	df 80       	ldd	r13, Y+7	; 0x07
    1f28:	ee 80       	ldd	r14, Y+6	; 0x06
    1f2a:	fd 80       	ldd	r15, Y+5	; 0x05
    1f2c:	0c 81       	ldd	r16, Y+4	; 0x04
    1f2e:	1b 81       	ldd	r17, Y+3	; 0x03
    1f30:	aa 81       	ldd	r26, Y+2	; 0x02
    1f32:	b9 81       	ldd	r27, Y+1	; 0x01
    1f34:	ce 0f       	add	r28, r30
    1f36:	d1 1d       	adc	r29, r1
    1f38:	0f b6       	in	r0, 0x3f	; 63
    1f3a:	f8 94       	cli
    1f3c:	de bf       	out	0x3e, r29	; 62
    1f3e:	0f be       	out	0x3f, r0	; 63
    1f40:	cd bf       	out	0x3d, r28	; 61
    1f42:	ed 01       	movw	r28, r26
    1f44:	08 95       	ret

00001f46 <__ftoa_engine>:
    1f46:	28 30       	cpi	r18, 0x08	; 8
    1f48:	08 f0       	brcs	.+2      	; 0x1f4c <__ftoa_engine+0x6>
    1f4a:	27 e0       	ldi	r18, 0x07	; 7
    1f4c:	33 27       	eor	r19, r19
    1f4e:	da 01       	movw	r26, r20
    1f50:	99 0f       	add	r25, r25
    1f52:	31 1d       	adc	r19, r1
    1f54:	87 fd       	sbrc	r24, 7
    1f56:	91 60       	ori	r25, 0x01	; 1
    1f58:	00 96       	adiw	r24, 0x00	; 0
    1f5a:	61 05       	cpc	r22, r1
    1f5c:	71 05       	cpc	r23, r1
    1f5e:	39 f4       	brne	.+14     	; 0x1f6e <__ftoa_engine+0x28>
    1f60:	32 60       	ori	r19, 0x02	; 2
    1f62:	2e 5f       	subi	r18, 0xFE	; 254
    1f64:	3d 93       	st	X+, r19
    1f66:	30 e3       	ldi	r19, 0x30	; 48
    1f68:	2a 95       	dec	r18
    1f6a:	e1 f7       	brne	.-8      	; 0x1f64 <__ftoa_engine+0x1e>
    1f6c:	08 95       	ret
    1f6e:	9f 3f       	cpi	r25, 0xFF	; 255
    1f70:	30 f0       	brcs	.+12     	; 0x1f7e <__ftoa_engine+0x38>
    1f72:	80 38       	cpi	r24, 0x80	; 128
    1f74:	71 05       	cpc	r23, r1
    1f76:	61 05       	cpc	r22, r1
    1f78:	09 f0       	breq	.+2      	; 0x1f7c <__ftoa_engine+0x36>
    1f7a:	3c 5f       	subi	r19, 0xFC	; 252
    1f7c:	3c 5f       	subi	r19, 0xFC	; 252
    1f7e:	3d 93       	st	X+, r19
    1f80:	91 30       	cpi	r25, 0x01	; 1
    1f82:	08 f0       	brcs	.+2      	; 0x1f86 <__ftoa_engine+0x40>
    1f84:	80 68       	ori	r24, 0x80	; 128
    1f86:	91 1d       	adc	r25, r1
    1f88:	df 93       	push	r29
    1f8a:	cf 93       	push	r28
    1f8c:	1f 93       	push	r17
    1f8e:	0f 93       	push	r16
    1f90:	ff 92       	push	r15
    1f92:	ef 92       	push	r14
    1f94:	19 2f       	mov	r17, r25
    1f96:	98 7f       	andi	r25, 0xF8	; 248
    1f98:	96 95       	lsr	r25
    1f9a:	e9 2f       	mov	r30, r25
    1f9c:	96 95       	lsr	r25
    1f9e:	96 95       	lsr	r25
    1fa0:	e9 0f       	add	r30, r25
    1fa2:	ff 27       	eor	r31, r31
    1fa4:	ea 5e       	subi	r30, 0xEA	; 234
    1fa6:	fe 4f       	sbci	r31, 0xFE	; 254
    1fa8:	99 27       	eor	r25, r25
    1faa:	33 27       	eor	r19, r19
    1fac:	ee 24       	eor	r14, r14
    1fae:	ff 24       	eor	r15, r15
    1fb0:	a7 01       	movw	r20, r14
    1fb2:	e7 01       	movw	r28, r14
    1fb4:	05 90       	lpm	r0, Z+
    1fb6:	08 94       	sec
    1fb8:	07 94       	ror	r0
    1fba:	28 f4       	brcc	.+10     	; 0x1fc6 <__ftoa_engine+0x80>
    1fbc:	36 0f       	add	r19, r22
    1fbe:	e7 1e       	adc	r14, r23
    1fc0:	f8 1e       	adc	r15, r24
    1fc2:	49 1f       	adc	r20, r25
    1fc4:	51 1d       	adc	r21, r1
    1fc6:	66 0f       	add	r22, r22
    1fc8:	77 1f       	adc	r23, r23
    1fca:	88 1f       	adc	r24, r24
    1fcc:	99 1f       	adc	r25, r25
    1fce:	06 94       	lsr	r0
    1fd0:	a1 f7       	brne	.-24     	; 0x1fba <__ftoa_engine+0x74>
    1fd2:	05 90       	lpm	r0, Z+
    1fd4:	07 94       	ror	r0
    1fd6:	28 f4       	brcc	.+10     	; 0x1fe2 <__ftoa_engine+0x9c>
    1fd8:	e7 0e       	add	r14, r23
    1fda:	f8 1e       	adc	r15, r24
    1fdc:	49 1f       	adc	r20, r25
    1fde:	56 1f       	adc	r21, r22
    1fe0:	c1 1d       	adc	r28, r1
    1fe2:	77 0f       	add	r23, r23
    1fe4:	88 1f       	adc	r24, r24
    1fe6:	99 1f       	adc	r25, r25
    1fe8:	66 1f       	adc	r22, r22
    1fea:	06 94       	lsr	r0
    1fec:	a1 f7       	brne	.-24     	; 0x1fd6 <__ftoa_engine+0x90>
    1fee:	05 90       	lpm	r0, Z+
    1ff0:	07 94       	ror	r0
    1ff2:	28 f4       	brcc	.+10     	; 0x1ffe <__ftoa_engine+0xb8>
    1ff4:	f8 0e       	add	r15, r24
    1ff6:	49 1f       	adc	r20, r25
    1ff8:	56 1f       	adc	r21, r22
    1ffa:	c7 1f       	adc	r28, r23
    1ffc:	d1 1d       	adc	r29, r1
    1ffe:	88 0f       	add	r24, r24
    2000:	99 1f       	adc	r25, r25
    2002:	66 1f       	adc	r22, r22
    2004:	77 1f       	adc	r23, r23
    2006:	06 94       	lsr	r0
    2008:	a1 f7       	brne	.-24     	; 0x1ff2 <__ftoa_engine+0xac>
    200a:	05 90       	lpm	r0, Z+
    200c:	07 94       	ror	r0
    200e:	20 f4       	brcc	.+8      	; 0x2018 <__ftoa_engine+0xd2>
    2010:	49 0f       	add	r20, r25
    2012:	56 1f       	adc	r21, r22
    2014:	c7 1f       	adc	r28, r23
    2016:	d8 1f       	adc	r29, r24
    2018:	99 0f       	add	r25, r25
    201a:	66 1f       	adc	r22, r22
    201c:	77 1f       	adc	r23, r23
    201e:	88 1f       	adc	r24, r24
    2020:	06 94       	lsr	r0
    2022:	a9 f7       	brne	.-22     	; 0x200e <__ftoa_engine+0xc8>
    2024:	84 91       	lpm	r24, Z
    2026:	10 95       	com	r17
    2028:	17 70       	andi	r17, 0x07	; 7
    202a:	41 f0       	breq	.+16     	; 0x203c <__ftoa_engine+0xf6>
    202c:	d6 95       	lsr	r29
    202e:	c7 95       	ror	r28
    2030:	57 95       	ror	r21
    2032:	47 95       	ror	r20
    2034:	f7 94       	ror	r15
    2036:	e7 94       	ror	r14
    2038:	1a 95       	dec	r17
    203a:	c1 f7       	brne	.-16     	; 0x202c <__ftoa_engine+0xe6>
    203c:	ec eb       	ldi	r30, 0xBC	; 188
    203e:	f0 e0       	ldi	r31, 0x00	; 0
    2040:	68 94       	set
    2042:	15 90       	lpm	r1, Z+
    2044:	15 91       	lpm	r17, Z+
    2046:	35 91       	lpm	r19, Z+
    2048:	65 91       	lpm	r22, Z+
    204a:	95 91       	lpm	r25, Z+
    204c:	05 90       	lpm	r0, Z+
    204e:	7f e2       	ldi	r23, 0x2F	; 47
    2050:	73 95       	inc	r23
    2052:	e1 18       	sub	r14, r1
    2054:	f1 0a       	sbc	r15, r17
    2056:	43 0b       	sbc	r20, r19
    2058:	56 0b       	sbc	r21, r22
    205a:	c9 0b       	sbc	r28, r25
    205c:	d0 09       	sbc	r29, r0
    205e:	c0 f7       	brcc	.-16     	; 0x2050 <__ftoa_engine+0x10a>
    2060:	e1 0c       	add	r14, r1
    2062:	f1 1e       	adc	r15, r17
    2064:	43 1f       	adc	r20, r19
    2066:	56 1f       	adc	r21, r22
    2068:	c9 1f       	adc	r28, r25
    206a:	d0 1d       	adc	r29, r0
    206c:	7e f4       	brtc	.+30     	; 0x208c <__ftoa_engine+0x146>
    206e:	70 33       	cpi	r23, 0x30	; 48
    2070:	11 f4       	brne	.+4      	; 0x2076 <__ftoa_engine+0x130>
    2072:	8a 95       	dec	r24
    2074:	e6 cf       	rjmp	.-52     	; 0x2042 <__ftoa_engine+0xfc>
    2076:	e8 94       	clt
    2078:	01 50       	subi	r16, 0x01	; 1
    207a:	30 f0       	brcs	.+12     	; 0x2088 <__ftoa_engine+0x142>
    207c:	08 0f       	add	r16, r24
    207e:	0a f4       	brpl	.+2      	; 0x2082 <__ftoa_engine+0x13c>
    2080:	00 27       	eor	r16, r16
    2082:	02 17       	cp	r16, r18
    2084:	08 f4       	brcc	.+2      	; 0x2088 <__ftoa_engine+0x142>
    2086:	20 2f       	mov	r18, r16
    2088:	23 95       	inc	r18
    208a:	02 2f       	mov	r16, r18
    208c:	7a 33       	cpi	r23, 0x3A	; 58
    208e:	28 f0       	brcs	.+10     	; 0x209a <__ftoa_engine+0x154>
    2090:	79 e3       	ldi	r23, 0x39	; 57
    2092:	7d 93       	st	X+, r23
    2094:	2a 95       	dec	r18
    2096:	e9 f7       	brne	.-6      	; 0x2092 <__ftoa_engine+0x14c>
    2098:	10 c0       	rjmp	.+32     	; 0x20ba <__ftoa_engine+0x174>
    209a:	7d 93       	st	X+, r23
    209c:	2a 95       	dec	r18
    209e:	89 f6       	brne	.-94     	; 0x2042 <__ftoa_engine+0xfc>
    20a0:	06 94       	lsr	r0
    20a2:	97 95       	ror	r25
    20a4:	67 95       	ror	r22
    20a6:	37 95       	ror	r19
    20a8:	17 95       	ror	r17
    20aa:	17 94       	ror	r1
    20ac:	e1 18       	sub	r14, r1
    20ae:	f1 0a       	sbc	r15, r17
    20b0:	43 0b       	sbc	r20, r19
    20b2:	56 0b       	sbc	r21, r22
    20b4:	c9 0b       	sbc	r28, r25
    20b6:	d0 09       	sbc	r29, r0
    20b8:	98 f0       	brcs	.+38     	; 0x20e0 <__ftoa_engine+0x19a>
    20ba:	23 95       	inc	r18
    20bc:	7e 91       	ld	r23, -X
    20be:	73 95       	inc	r23
    20c0:	7a 33       	cpi	r23, 0x3A	; 58
    20c2:	08 f0       	brcs	.+2      	; 0x20c6 <__ftoa_engine+0x180>
    20c4:	70 e3       	ldi	r23, 0x30	; 48
    20c6:	7c 93       	st	X, r23
    20c8:	20 13       	cpse	r18, r16
    20ca:	b8 f7       	brcc	.-18     	; 0x20ba <__ftoa_engine+0x174>
    20cc:	7e 91       	ld	r23, -X
    20ce:	70 61       	ori	r23, 0x10	; 16
    20d0:	7d 93       	st	X+, r23
    20d2:	30 f0       	brcs	.+12     	; 0x20e0 <__ftoa_engine+0x19a>
    20d4:	83 95       	inc	r24
    20d6:	71 e3       	ldi	r23, 0x31	; 49
    20d8:	7d 93       	st	X+, r23
    20da:	70 e3       	ldi	r23, 0x30	; 48
    20dc:	2a 95       	dec	r18
    20de:	e1 f7       	brne	.-8      	; 0x20d8 <__ftoa_engine+0x192>
    20e0:	11 24       	eor	r1, r1
    20e2:	ef 90       	pop	r14
    20e4:	ff 90       	pop	r15
    20e6:	0f 91       	pop	r16
    20e8:	1f 91       	pop	r17
    20ea:	cf 91       	pop	r28
    20ec:	df 91       	pop	r29
    20ee:	99 27       	eor	r25, r25
    20f0:	87 fd       	sbrc	r24, 7
    20f2:	90 95       	com	r25
    20f4:	08 95       	ret

000020f6 <strnlen_P>:
    20f6:	fc 01       	movw	r30, r24
    20f8:	05 90       	lpm	r0, Z+
    20fa:	61 50       	subi	r22, 0x01	; 1
    20fc:	70 40       	sbci	r23, 0x00	; 0
    20fe:	01 10       	cpse	r0, r1
    2100:	d8 f7       	brcc	.-10     	; 0x20f8 <strnlen_P+0x2>
    2102:	80 95       	com	r24
    2104:	90 95       	com	r25
    2106:	8e 0f       	add	r24, r30
    2108:	9f 1f       	adc	r25, r31
    210a:	08 95       	ret

0000210c <strnlen>:
    210c:	fc 01       	movw	r30, r24
    210e:	61 50       	subi	r22, 0x01	; 1
    2110:	70 40       	sbci	r23, 0x00	; 0
    2112:	01 90       	ld	r0, Z+
    2114:	01 10       	cpse	r0, r1
    2116:	d8 f7       	brcc	.-10     	; 0x210e <strnlen+0x2>
    2118:	80 95       	com	r24
    211a:	90 95       	com	r25
    211c:	8e 0f       	add	r24, r30
    211e:	9f 1f       	adc	r25, r31
    2120:	08 95       	ret

00002122 <fputc>:
    2122:	0f 93       	push	r16
    2124:	1f 93       	push	r17
    2126:	cf 93       	push	r28
    2128:	df 93       	push	r29
    212a:	fb 01       	movw	r30, r22
    212c:	23 81       	ldd	r18, Z+3	; 0x03
    212e:	21 fd       	sbrc	r18, 1
    2130:	03 c0       	rjmp	.+6      	; 0x2138 <fputc+0x16>
    2132:	8f ef       	ldi	r24, 0xFF	; 255
    2134:	9f ef       	ldi	r25, 0xFF	; 255
    2136:	2c c0       	rjmp	.+88     	; 0x2190 <fputc+0x6e>
    2138:	22 ff       	sbrs	r18, 2
    213a:	16 c0       	rjmp	.+44     	; 0x2168 <fputc+0x46>
    213c:	46 81       	ldd	r20, Z+6	; 0x06
    213e:	57 81       	ldd	r21, Z+7	; 0x07
    2140:	24 81       	ldd	r18, Z+4	; 0x04
    2142:	35 81       	ldd	r19, Z+5	; 0x05
    2144:	42 17       	cp	r20, r18
    2146:	53 07       	cpc	r21, r19
    2148:	44 f4       	brge	.+16     	; 0x215a <fputc+0x38>
    214a:	a0 81       	ld	r26, Z
    214c:	b1 81       	ldd	r27, Z+1	; 0x01
    214e:	9d 01       	movw	r18, r26
    2150:	2f 5f       	subi	r18, 0xFF	; 255
    2152:	3f 4f       	sbci	r19, 0xFF	; 255
    2154:	31 83       	std	Z+1, r19	; 0x01
    2156:	20 83       	st	Z, r18
    2158:	8c 93       	st	X, r24
    215a:	26 81       	ldd	r18, Z+6	; 0x06
    215c:	37 81       	ldd	r19, Z+7	; 0x07
    215e:	2f 5f       	subi	r18, 0xFF	; 255
    2160:	3f 4f       	sbci	r19, 0xFF	; 255
    2162:	37 83       	std	Z+7, r19	; 0x07
    2164:	26 83       	std	Z+6, r18	; 0x06
    2166:	14 c0       	rjmp	.+40     	; 0x2190 <fputc+0x6e>
    2168:	8b 01       	movw	r16, r22
    216a:	ec 01       	movw	r28, r24
    216c:	fb 01       	movw	r30, r22
    216e:	00 84       	ldd	r0, Z+8	; 0x08
    2170:	f1 85       	ldd	r31, Z+9	; 0x09
    2172:	e0 2d       	mov	r30, r0
    2174:	09 95       	icall
    2176:	89 2b       	or	r24, r25
    2178:	e1 f6       	brne	.-72     	; 0x2132 <fputc+0x10>
    217a:	d8 01       	movw	r26, r16
    217c:	16 96       	adiw	r26, 0x06	; 6
    217e:	8d 91       	ld	r24, X+
    2180:	9c 91       	ld	r25, X
    2182:	17 97       	sbiw	r26, 0x07	; 7
    2184:	01 96       	adiw	r24, 0x01	; 1
    2186:	17 96       	adiw	r26, 0x07	; 7
    2188:	9c 93       	st	X, r25
    218a:	8e 93       	st	-X, r24
    218c:	16 97       	sbiw	r26, 0x06	; 6
    218e:	ce 01       	movw	r24, r28
    2190:	df 91       	pop	r29
    2192:	cf 91       	pop	r28
    2194:	1f 91       	pop	r17
    2196:	0f 91       	pop	r16
    2198:	08 95       	ret

0000219a <__ultoa_invert>:
    219a:	fa 01       	movw	r30, r20
    219c:	aa 27       	eor	r26, r26
    219e:	28 30       	cpi	r18, 0x08	; 8
    21a0:	51 f1       	breq	.+84     	; 0x21f6 <__ultoa_invert+0x5c>
    21a2:	20 31       	cpi	r18, 0x10	; 16
    21a4:	81 f1       	breq	.+96     	; 0x2206 <__ultoa_invert+0x6c>
    21a6:	e8 94       	clt
    21a8:	6f 93       	push	r22
    21aa:	6e 7f       	andi	r22, 0xFE	; 254
    21ac:	6e 5f       	subi	r22, 0xFE	; 254
    21ae:	7f 4f       	sbci	r23, 0xFF	; 255
    21b0:	8f 4f       	sbci	r24, 0xFF	; 255
    21b2:	9f 4f       	sbci	r25, 0xFF	; 255
    21b4:	af 4f       	sbci	r26, 0xFF	; 255
    21b6:	b1 e0       	ldi	r27, 0x01	; 1
    21b8:	3e d0       	rcall	.+124    	; 0x2236 <__ultoa_invert+0x9c>
    21ba:	b4 e0       	ldi	r27, 0x04	; 4
    21bc:	3c d0       	rcall	.+120    	; 0x2236 <__ultoa_invert+0x9c>
    21be:	67 0f       	add	r22, r23
    21c0:	78 1f       	adc	r23, r24
    21c2:	89 1f       	adc	r24, r25
    21c4:	9a 1f       	adc	r25, r26
    21c6:	a1 1d       	adc	r26, r1
    21c8:	68 0f       	add	r22, r24
    21ca:	79 1f       	adc	r23, r25
    21cc:	8a 1f       	adc	r24, r26
    21ce:	91 1d       	adc	r25, r1
    21d0:	a1 1d       	adc	r26, r1
    21d2:	6a 0f       	add	r22, r26
    21d4:	71 1d       	adc	r23, r1
    21d6:	81 1d       	adc	r24, r1
    21d8:	91 1d       	adc	r25, r1
    21da:	a1 1d       	adc	r26, r1
    21dc:	20 d0       	rcall	.+64     	; 0x221e <__ultoa_invert+0x84>
    21de:	09 f4       	brne	.+2      	; 0x21e2 <__ultoa_invert+0x48>
    21e0:	68 94       	set
    21e2:	3f 91       	pop	r19
    21e4:	2a e0       	ldi	r18, 0x0A	; 10
    21e6:	26 9f       	mul	r18, r22
    21e8:	11 24       	eor	r1, r1
    21ea:	30 19       	sub	r19, r0
    21ec:	30 5d       	subi	r19, 0xD0	; 208
    21ee:	31 93       	st	Z+, r19
    21f0:	de f6       	brtc	.-74     	; 0x21a8 <__ultoa_invert+0xe>
    21f2:	cf 01       	movw	r24, r30
    21f4:	08 95       	ret
    21f6:	46 2f       	mov	r20, r22
    21f8:	47 70       	andi	r20, 0x07	; 7
    21fa:	40 5d       	subi	r20, 0xD0	; 208
    21fc:	41 93       	st	Z+, r20
    21fe:	b3 e0       	ldi	r27, 0x03	; 3
    2200:	0f d0       	rcall	.+30     	; 0x2220 <__ultoa_invert+0x86>
    2202:	c9 f7       	brne	.-14     	; 0x21f6 <__ultoa_invert+0x5c>
    2204:	f6 cf       	rjmp	.-20     	; 0x21f2 <__ultoa_invert+0x58>
    2206:	46 2f       	mov	r20, r22
    2208:	4f 70       	andi	r20, 0x0F	; 15
    220a:	40 5d       	subi	r20, 0xD0	; 208
    220c:	4a 33       	cpi	r20, 0x3A	; 58
    220e:	18 f0       	brcs	.+6      	; 0x2216 <__ultoa_invert+0x7c>
    2210:	49 5d       	subi	r20, 0xD9	; 217
    2212:	31 fd       	sbrc	r19, 1
    2214:	40 52       	subi	r20, 0x20	; 32
    2216:	41 93       	st	Z+, r20
    2218:	02 d0       	rcall	.+4      	; 0x221e <__ultoa_invert+0x84>
    221a:	a9 f7       	brne	.-22     	; 0x2206 <__ultoa_invert+0x6c>
    221c:	ea cf       	rjmp	.-44     	; 0x21f2 <__ultoa_invert+0x58>
    221e:	b4 e0       	ldi	r27, 0x04	; 4
    2220:	a6 95       	lsr	r26
    2222:	97 95       	ror	r25
    2224:	87 95       	ror	r24
    2226:	77 95       	ror	r23
    2228:	67 95       	ror	r22
    222a:	ba 95       	dec	r27
    222c:	c9 f7       	brne	.-14     	; 0x2220 <__ultoa_invert+0x86>
    222e:	00 97       	sbiw	r24, 0x00	; 0
    2230:	61 05       	cpc	r22, r1
    2232:	71 05       	cpc	r23, r1
    2234:	08 95       	ret
    2236:	9b 01       	movw	r18, r22
    2238:	ac 01       	movw	r20, r24
    223a:	0a 2e       	mov	r0, r26
    223c:	06 94       	lsr	r0
    223e:	57 95       	ror	r21
    2240:	47 95       	ror	r20
    2242:	37 95       	ror	r19
    2244:	27 95       	ror	r18
    2246:	ba 95       	dec	r27
    2248:	c9 f7       	brne	.-14     	; 0x223c <__ultoa_invert+0xa2>
    224a:	62 0f       	add	r22, r18
    224c:	73 1f       	adc	r23, r19
    224e:	84 1f       	adc	r24, r20
    2250:	95 1f       	adc	r25, r21
    2252:	a0 1d       	adc	r26, r0
    2254:	08 95       	ret

00002256 <_exit>:
    2256:	f8 94       	cli

00002258 <__stop_program>:
    2258:	ff cf       	rjmp	.-2      	; 0x2258 <__stop_program>
